batch,case_id,mnemonic,instruction,ptx_reg_count,ptx_setup_count,sass_total_instrs_O0,sass_target_instrs_O0,sass_gp_regs_O0,sass_extra_regs_O0,sass_sequence_O0,sass_core_instrs_O0,sass_core_sequence_O0,core_filter_notes_O0,sass_total_instrs_O3,sass_target_instrs_O3,sass_gp_regs_O3,sass_extra_regs_O3,sass_sequence_O3,sass_core_instrs_O3,sass_core_sequence_O3,core_filter_notes_O3,audited_sass_instrs_O0,audited_sass_sequence_O0,audit_status,audit_verdict,audit_notes,raw_verdict,cleaned_verdict,verdict,notes
01_tcgen05,T01,mma_cg1_tf32,"tcgen05.mma.cta_group::1.kind::tf32 [%taddr], %desc_a, %desc_b, %idesc, {%mask0, %mask1, %mask2, %mask3}, %enable;",9,8,80,43,17,6,"IADD3 R0, PT, PT, R0, RZ, RZ | MOV R3, R2 | MOV R2, RZ | SEL R8, RZ, 0x1, !P0 | MOV R9, R4 | MOV R10, R5 | MOV R11, R6 | MOV R12, R7 | MOV R4, R15 | MOV R5, R16 | MOV R4, R4 | MOV R5, R5 | MOV R6, R13 | MOV R7, R14 | MOV R6, R6 | MOV R7, R7 | MOV R0, R0 | MOV R2, R2 | MOV R3, R3 | MOV R8, R8 | MOV R9, R9 | MOV R10, R10 | MOV R11, R11 | MOV R12, R12 | ISETP.NE.AND P0, PT, R8, RZ, PT | R2UR UR4, R4 | R2UR UR5, R5 | R2UR UR6, R6 | R2UR UR7, R7 | R2UR UR8, R2 | R2UR UR9, R3 | R2UR UR12, R9 | R2UR UR13, R10 | R2UR UR14, R11 | R2UR UR15, R12 | VOTEU.ANY UP0, P0 | R2UR UR10, R0 | PLOP3.LUT P1, PT, PT, PT, PT, 0x80, 0x8 | @P1 ELECT P0, URZ, PT | @P0 PLOP3.LUT P1, PT, P0, PT, PT, 0x8, 0x80 | UTCHMMA gdesc[UR4], gdesc[UR6], tmem[UR10], tmem[UR8], idesc[UR9], UR12, UP0 | PLOP3.LUT P0, PT, PT, PT, PT, 0x8, 0x80 | @P1 BRA.U.ANY `(.L_x_0)",30,"MOV R3, R2 | MOV R2, RZ | SEL R8, RZ, 0x1, !P0 | MOV R9, R4 | MOV R10, R5 | MOV R11, R6 | MOV R12, R7 | MOV R4, R15 | MOV R5, R16 | MOV R6, R13 | MOV R7, R14 | ISETP.NE.AND P0, PT, R8, RZ, PT | R2UR UR4, R4 | R2UR UR5, R5 | R2UR UR6, R6 | R2UR UR7, R7 | R2UR UR8, R2 | R2UR UR9, R3 | R2UR UR12, R9 | R2UR UR13, R10 | R2UR UR14, R11 | R2UR UR15, R12 | VOTEU.ANY UP0, P0 | R2UR UR10, R0 | PLOP3.LUT P1, PT, PT, PT, PT, 0x80, 0x8 | @P1 ELECT P0, URZ, PT | @P0 PLOP3.LUT P1, PT, P0, PT, PT, 0x8, 0x80 | UTCHMMA gdesc[UR4], gdesc[UR6], tmem[UR10], tmem[UR8], idesc[UR9], UR12, UP0 | PLOP3.LUT P0, PT, PT, PT, PT, 0x8, 0x80 | @P1 BRA.U.ANY `(.L_x_0)","removed 1 identity IADD3, removed 12 identity MOV",24,11,1,0,"PLOP3.LUT P0, PT, PT, PT, PT, 0x80, 0x8 | LDCU UR6, c[0x0][0x380] | LDCU.64 UR8, c[0x0][0x388] | LDCU.64 UR10, c[0x0][0x390] | UMOV UR4, URZ | UISETP.NE.U32.AND UP0, UPT, UR5, URZ, UPT | @P0 ELECT P1, URZ, PT | UTCHMMA gdesc[UR8], gdesc[UR10], tmem[UR6], tmem[UR4], idesc[UR5], UP0 | @P1 PLOP3.LUT P0, PT, P1, PT, PT, 0x8, 0x80 | PLOP3.LUT P1, PT, PT, PT, PT, 0x8, 0x80 | @P0 BRA.U.ANY `(.L_x_0)",11,"PLOP3.LUT P0, PT, PT, PT, PT, 0x80, 0x8 | LDCU UR6, c[0x0][0x380] | LDCU.64 UR8, c[0x0][0x388] | LDCU.64 UR10, c[0x0][0x390] | UMOV UR4, URZ | UISETP.NE.U32.AND UP0, UPT, UR5, URZ, UPT | @P0 ELECT P1, URZ, PT | UTCHMMA gdesc[UR8], gdesc[UR10], tmem[UR6], tmem[UR4], idesc[UR5], UP0 | @P1 PLOP3.LUT P0, PT, P1, PT, PT, 0x8, 0x80 | PLOP3.LUT P1, PT, PT, PT, PT, 0x8, 0x80 | @P0 BRA.U.ANY `(.L_x_0)",,18,"R2UR UR4, R4 | R2UR UR5, R5 | R2UR UR6, R6 | R2UR UR7, R7 | R2UR UR8, R2 | R2UR UR9, R3 | R2UR UR12, R9 | R2UR UR13, R10 | R2UR UR14, R11 | R2UR UR15, R12 | VOTEU.ANY UP0, P0 | R2UR UR10, R0 | PLOP3.LUT P1, PT, PT, PT, PT, 0x80, 0x8 | @P1 ELECT P0, URZ, PT | @P0 PLOP3.LUT P1, PT, P0, PT, PT, 0x8, 0x80 | UTCHMMA gdesc[UR4], gdesc[UR6], tmem[UR10], tmem[UR8], idesc[UR9], UR12, UP0 | PLOP3.LUT P0, PT, PT, PT, PT, 0x8, 0x80 | @P1 BRA.U.ANY `(.L_x_0)",VERIFIED,1:N,"verified tcgen05 uniform/election protocol; excluded input predicate, coordinate, and shared-address setup",1:N,1:N,1:N,
01_tcgen05,T02,mma_cg2_tf32,"tcgen05.mma.cta_group::2.kind::tf32 [%taddr], %desc_a, %desc_b, %idesc, {%mask0, %mask1, %mask2, %mask3, %mask4, %mask5, %mask6, %mask7}, %enable;",13,12,96,56,17,2,"IADD3 R6, PT, PT, R0, RZ, RZ | MOV R3, R2 | MOV R2, RZ | SEL R0, RZ, 0x1, !P0 | MOV R7, R7 | MOV R10, R10 | MOV R11, R11 | MOV R12, R12 | MOV R13, R13 | MOV R14, R14 | MOV R15, R15 | MOV R16, R16 | MOV R4, R4 | MOV R5, R5 | MOV R4, R4 | MOV R5, R5 | LOP3.LUT R9, R9, R8, RZ, 0x3c, !PT | LOP3.LUT R8, R9, R8, RZ, 0x3c, !PT | LOP3.LUT R9, R9, R8, RZ, 0x3c, !PT | MOV R8, R8 | MOV R9, R9 | MOV R6, R6 | MOV R2, R2 | MOV R3, R3 | MOV R0, R0 | MOV R7, R7 | MOV R10, R10 | MOV R11, R11 | MOV R12, R12 | MOV R13, R13 | MOV R14, R14 | MOV R15, R15 | MOV R16, R16 | ISETP.NE.AND P0, PT, R0, RZ, PT | R2UR UR4, R4 | R2UR UR5, R5 | R2UR UR6, R8 | R2UR UR7, R9 | R2UR UR16, R2 | R2UR UR17, R3 | R2UR UR8, R7 | R2UR UR9, R10 | R2UR UR10, R11 | R2UR UR11, R12 | R2UR UR12, R13 | R2UR UR13, R14 | R2UR UR14, R15 | R2UR UR15, R16 | VOTEU.ANY UP0, P0 | R2UR UR18, R6 | PLOP3.LUT P1, PT, PT, PT, PT, 0x80, 0x8 | @P1 ELECT P0, URZ, PT | @P0 PLOP3.LUT P1, PT, P0, PT, PT, 0x8, 0x80 | UTCHMMA.2CTA gdesc[UR4], gdesc[UR6], tmem[UR18], tmem[UR16], idesc[UR17], UR8, UP0 | PLOP3.LUT P0, PT, PT, PT, PT, 0x8, 0x80 | @P1 BRA.U.ANY `(.L_x_0)",30,"IADD3 R6, PT, PT, R0, RZ, RZ | MOV R3, R2 | MOV R2, RZ | SEL R0, RZ, 0x1, !P0 | LOP3.LUT R9, R9, R8, RZ, 0x3c, !PT | LOP3.LUT R8, R9, R8, RZ, 0x3c, !PT | LOP3.LUT R9, R9, R8, RZ, 0x3c, !PT | ISETP.NE.AND P0, PT, R0, RZ, PT | R2UR UR4, R4 | R2UR UR5, R5 | R2UR UR6, R8 | R2UR UR7, R9 | R2UR UR16, R2 | R2UR UR17, R3 | R2UR UR8, R7 | R2UR UR9, R10 | R2UR UR10, R11 | R2UR UR11, R12 | R2UR UR12, R13 | R2UR UR13, R14 | R2UR UR14, R15 | R2UR UR15, R16 | VOTEU.ANY UP0, P0 | R2UR UR18, R6 | PLOP3.LUT P1, PT, PT, PT, PT, 0x80, 0x8 | @P1 ELECT P0, URZ, PT | @P0 PLOP3.LUT P1, PT, P0, PT, PT, 0x8, 0x80 | UTCHMMA.2CTA gdesc[UR4], gdesc[UR6], tmem[UR18], tmem[UR16], idesc[UR17], UR8, UP0 | PLOP3.LUT P0, PT, PT, PT, PT, 0x8, 0x80 | @P1 BRA.U.ANY `(.L_x_0)",removed 26 identity MOV,24,11,1,0,"PLOP3.LUT P0, PT, PT, PT, PT, 0x80, 0x8 | LDCU UR6, c[0x0][0x380] | LDCU.64 UR8, c[0x0][0x388] | LDCU.64 UR10, c[0x0][0x390] | UMOV UR4, URZ | UISETP.NE.U32.AND UP0, UPT, UR5, URZ, UPT | @P0 ELECT P1, URZ, PT | UTCHMMA.2CTA gdesc[UR8], gdesc[UR10], tmem[UR6], tmem[UR4], idesc[UR5], UP0 | @P1 PLOP3.LUT P0, PT, P1, PT, PT, 0x8, 0x80 | PLOP3.LUT P1, PT, PT, PT, PT, 0x8, 0x80 | @P0 BRA.U.ANY `(.L_x_0)",11,"PLOP3.LUT P0, PT, PT, PT, PT, 0x80, 0x8 | LDCU UR6, c[0x0][0x380] | LDCU.64 UR8, c[0x0][0x388] | LDCU.64 UR10, c[0x0][0x390] | UMOV UR4, URZ | UISETP.NE.U32.AND UP0, UPT, UR5, URZ, UPT | @P0 ELECT P1, URZ, PT | UTCHMMA.2CTA gdesc[UR8], gdesc[UR10], tmem[UR6], tmem[UR4], idesc[UR5], UP0 | @P1 PLOP3.LUT P0, PT, P1, PT, PT, 0x8, 0x80 | PLOP3.LUT P1, PT, PT, PT, PT, 0x8, 0x80 | @P0 BRA.U.ANY `(.L_x_0)",,22,"R2UR UR4, R4 | R2UR UR5, R5 | R2UR UR6, R8 | R2UR UR7, R9 | R2UR UR16, R2 | R2UR UR17, R3 | R2UR UR8, R7 | R2UR UR9, R10 | R2UR UR10, R11 | R2UR UR11, R12 | R2UR UR12, R13 | R2UR UR13, R14 | R2UR UR14, R15 | R2UR UR15, R16 | VOTEU.ANY UP0, P0 | R2UR UR18, R6 | PLOP3.LUT P1, PT, PT, PT, PT, 0x80, 0x8 | @P1 ELECT P0, URZ, PT | @P0 PLOP3.LUT P1, PT, P0, PT, PT, 0x8, 0x80 | UTCHMMA.2CTA gdesc[UR4], gdesc[UR6], tmem[UR18], tmem[UR16], idesc[UR17], UR8, UP0 | PLOP3.LUT P0, PT, PT, PT, PT, 0x8, 0x80 | @P1 BRA.U.ANY `(.L_x_0)",VERIFIED,1:N,"verified tcgen05 uniform/election protocol; excluded input predicate, coordinate, and shared-address setup",1:N,1:N,1:N,
01_tcgen05,T03,mma_cg1_tf32_sp,"tcgen05.mma.sp.cta_group::1.kind::tf32 [%taddr], %desc_a, %desc_b, [%meta], %idesc, {%mask0, %mask1, %mask2, %mask3}, %enable;",10,9,88,45,17,5,"IADD3 R9, PT, PT, R4, RZ, RZ | IADD3 R3, PT, PT, R3, RZ, RZ | LOP3.LUT R3, R3, R2, RZ, 0x3c, !PT | LOP3.LUT R2, R3, R2, RZ, 0x3c, !PT | LOP3.LUT R3, R3, R2, RZ, 0x3c, !PT | SEL R10, RZ, 0x1, !P0 | MOV R11, R5 | MOV R12, R6 | MOV R13, R7 | MOV R8, R8 | MOV R4, R0 | MOV R5, R16 | MOV R4, R4 | MOV R5, R5 | MOV R6, R14 | MOV R7, R15 | MOV R6, R6 | MOV R7, R7 | MOV R9, R9 | MOV R10, R10 | MOV R2, R2 | MOV R3, R3 | MOV R11, R11 | MOV R12, R12 | MOV R13, R13 | MOV R8, R8 | ISETP.NE.AND P0, PT, R10, RZ, PT | R2UR UR4, R4 | R2UR UR5, R5 | R2UR UR6, R6 | R2UR UR7, R7 | R2UR UR8, R2 | R2UR UR9, R3 | R2UR UR12, R11 | R2UR UR13, R12 | R2UR UR14, R13 | R2UR UR15, R8 | VOTEU.ANY UP0, P0 | R2UR UR10, R9 | PLOP3.LUT P1, PT, PT, PT, PT, 0x80, 0x8 | @P1 ELECT P0, URZ, PT | @P0 PLOP3.LUT P1, PT, P0, PT, PT, 0x8, 0x80 | UTCHMMA gdesc[UR4], gdesc[UR6], tmem[UR10], tmem[UR8], idesc[UR9], UR12, UP0 | PLOP3.LUT P0, PT, PT, PT, PT, 0x8, 0x80 | @P1 BRA.U.ANY `(.L_x_0)",31,"IADD3 R9, PT, PT, R4, RZ, RZ | LOP3.LUT R3, R3, R2, RZ, 0x3c, !PT | LOP3.LUT R2, R3, R2, RZ, 0x3c, !PT | LOP3.LUT R3, R3, R2, RZ, 0x3c, !PT | SEL R10, RZ, 0x1, !P0 | MOV R11, R5 | MOV R12, R6 | MOV R13, R7 | MOV R4, R0 | MOV R5, R16 | MOV R6, R14 | MOV R7, R15 | ISETP.NE.AND P0, PT, R10, RZ, PT | R2UR UR4, R4 | R2UR UR5, R5 | R2UR UR6, R6 | R2UR UR7, R7 | R2UR UR8, R2 | R2UR UR9, R3 | R2UR UR12, R11 | R2UR UR13, R12 | R2UR UR14, R13 | R2UR UR15, R8 | VOTEU.ANY UP0, P0 | R2UR UR10, R9 | PLOP3.LUT P1, PT, PT, PT, PT, 0x80, 0x8 | @P1 ELECT P0, URZ, PT | @P0 PLOP3.LUT P1, PT, P0, PT, PT, 0x8, 0x80 | UTCHMMA gdesc[UR4], gdesc[UR6], tmem[UR10], tmem[UR8], idesc[UR9], UR12, UP0 | PLOP3.LUT P0, PT, PT, PT, PT, 0x8, 0x80 | @P1 BRA.U.ANY `(.L_x_0)","removed 1 identity IADD3, removed 13 identity MOV",24,12,1,0,"PLOP3.LUT P0, PT, PT, PT, PT, 0x80, 0x8 | LDCU UR8, c[0x0][0x380] | LDCU.64 UR10, c[0x0][0x388] | LDCU.64 UR12, c[0x0][0x390] | UISETP.NE.U32.AND UP0, UPT, UR6, URZ, UPT | UMOV UR4, UR7 | UMOV UR5, UR6 | @P0 ELECT P1, URZ, PT | UTCHMMA gdesc[UR10], gdesc[UR12], tmem[UR8], tmem[UR4], idesc[UR5], UP0 | @P1 PLOP3.LUT P0, PT, P1, PT, PT, 0x8, 0x80 | PLOP3.LUT P1, PT, PT, PT, PT, 0x8, 0x80 | @P0 BRA.U.ANY `(.L_x_0)",12,"PLOP3.LUT P0, PT, PT, PT, PT, 0x80, 0x8 | LDCU UR8, c[0x0][0x380] | LDCU.64 UR10, c[0x0][0x388] | LDCU.64 UR12, c[0x0][0x390] | UISETP.NE.U32.AND UP0, UPT, UR6, URZ, UPT | UMOV UR4, UR7 | UMOV UR5, UR6 | @P0 ELECT P1, URZ, PT | UTCHMMA gdesc[UR10], gdesc[UR12], tmem[UR8], tmem[UR4], idesc[UR5], UP0 | @P1 PLOP3.LUT P0, PT, P1, PT, PT, 0x8, 0x80 | PLOP3.LUT P1, PT, PT, PT, PT, 0x8, 0x80 | @P0 BRA.U.ANY `(.L_x_0)",,18,"R2UR UR4, R4 | R2UR UR5, R5 | R2UR UR6, R6 | R2UR UR7, R7 | R2UR UR8, R2 | R2UR UR9, R3 | R2UR UR12, R11 | R2UR UR13, R12 | R2UR UR14, R13 | R2UR UR15, R8 | VOTEU.ANY UP0, P0 | R2UR UR10, R9 | PLOP3.LUT P1, PT, PT, PT, PT, 0x80, 0x8 | @P1 ELECT P0, URZ, PT | @P0 PLOP3.LUT P1, PT, P0, PT, PT, 0x8, 0x80 | UTCHMMA gdesc[UR4], gdesc[UR6], tmem[UR10], tmem[UR8], idesc[UR9], UR12, UP0 | PLOP3.LUT P0, PT, PT, PT, PT, 0x8, 0x80 | @P1 BRA.U.ANY `(.L_x_0)",VERIFIED,1:N,"verified tcgen05 uniform/election protocol; excluded input predicate, coordinate, and shared-address setup",1:N,1:N,1:N,
01_tcgen05,T04,cp_cg1,"tcgen05.cp.cta_group::1.128x256b [%taddr], %desc;",2,2,40,17,5,1,"IADD3 R0, PT, PT, R0, RZ, RZ | MOV R2, R2 | MOV R3, R3 | MOV R0, R0 | MOV R2, R2 | MOV R3, R3 | MOV R2, R2 | MOV R3, R3 | R2UR UR4, R0 | R2UR UR6, R2 | R2UR UR7, R3 | PLOP3.LUT P1, PT, PT, PT, PT, 0x80, 0x8 | @P1 ELECT P0, URZ, PT | @P0 PLOP3.LUT P1, PT, P0, PT, PT, 0x8, 0x80 | UTCCP.T.S tmem[UR4], gdesc[UR6] | PLOP3.LUT P0, PT, PT, PT, PT, 0x8, 0x80 | @P1 BRA.U.ANY `(.L_x_0)",9,"R2UR UR4, R0 | R2UR UR6, R2 | R2UR UR7, R3 | PLOP3.LUT P1, PT, PT, PT, PT, 0x80, 0x8 | @P1 ELECT P0, URZ, PT | @P0 PLOP3.LUT P1, PT, P0, PT, PT, 0x8, 0x80 | UTCCP.T.S tmem[UR4], gdesc[UR6] | PLOP3.LUT P0, PT, PT, PT, PT, 0x8, 0x80 | @P1 BRA.U.ANY `(.L_x_0)","removed 1 identity IADD3, removed 7 identity MOV",24,9,1,0,"PLOP3.LUT P0, PT, PT, PT, PT, 0x80, 0x8 | LDCU UR4, c[0x0][0x380] | LDCU.64 UR6, c[0x0][0x388] | NOP | @P0 ELECT P1, URZ, PT | UTCCP.T.S tmem[UR4], gdesc[UR6] | @P1 PLOP3.LUT P0, PT, P1, PT, PT, 0x8, 0x80 | PLOP3.LUT P1, PT, PT, PT, PT, 0x8, 0x80 | @P0 BRA.U.ANY `(.L_x_0)",8,"PLOP3.LUT P0, PT, PT, PT, PT, 0x80, 0x8 | LDCU UR4, c[0x0][0x380] | LDCU.64 UR6, c[0x0][0x388] | @P0 ELECT P1, URZ, PT | UTCCP.T.S tmem[UR4], gdesc[UR6] | @P1 PLOP3.LUT P0, PT, P1, PT, PT, 0x8, 0x80 | PLOP3.LUT P1, PT, PT, PT, PT, 0x8, 0x80 | @P0 BRA.U.ANY `(.L_x_0)",removed 1 NOP,9,"R2UR UR4, R0 | R2UR UR6, R2 | R2UR UR7, R3 | PLOP3.LUT P1, PT, PT, PT, PT, 0x80, 0x8 | @P1 ELECT P0, URZ, PT | @P0 PLOP3.LUT P1, PT, P0, PT, PT, 0x8, 0x80 | UTCCP.T.S tmem[UR4], gdesc[UR6] | PLOP3.LUT P0, PT, PT, PT, PT, 0x8, 0x80 | @P1 BRA.U.ANY `(.L_x_0)",VERIFIED,1:N,"verified tcgen05 uniform/election protocol; excluded input predicate, coordinate, and shared-address setup",1:N,1:N,1:N,
01_tcgen05,T05,ld_16x64b_x1,"tcgen05.ld.sync.aligned.16x64b.x1.b32 {%dst0}, [%taddr];",2,1,40,9,6,3,"WARPSYNC.ALL | NOP | IADD3 R0, PT, PT, R0, RZ, RZ | MOV R0, R0 | WARPSYNC.ALL | NOP | R2UR UR4, R0 | LDTM.16 dp64bit R0, tmem[UR4] | MOV R0, R0",3,"WARPSYNC.ALL | R2UR UR4, R0 | LDTM.16 dp64bit R0, tmem[UR4]","removed 2 NOP, removed 1 identity IADD3, removed 2 identity MOV, removed 1 duplicate WARPSYNC.ALL",16,3,3,0,"LDCU UR4, c[0x0][0x380] | LDTM.16 dp64bit R5, tmem[UR4] | LDCU.64 UR4, c[0x0][0x358]",3,"LDCU UR4, c[0x0][0x380] | LDTM.16 dp64bit R5, tmem[UR4] | LDCU.64 UR4, c[0x0][0x358]",,3,"WARPSYNC.ALL | R2UR UR4, R0 | LDTM.16 dp64bit R0, tmem[UR4]",VERIFIED,1:N,verified tcgen05 ld/st protocol: warp sync + R-to-UR routing + TMEM opcode,1:N,1:N,1:N,O3 source locations interleaved by scheduling; O3 core sequence is advisory only; 
01_tcgen05,T06,ld_16x128b_x4,"tcgen05.ld.sync.aligned.16x128b.x4.b32 {%dst0, %dst1, %dst2, %dst3, %dst4, %dst5, %dst6, %dst7}, [%taddr];",9,1,120,16,14,4,"WARPSYNC.ALL | NOP | IADD3 R0, PT, PT, R0, RZ, RZ | MOV R0, R0 | WARPSYNC.ALL | NOP | R2UR UR4, R0 | LDTM.16 dp128bit.x4 R4, tmem[UR4] | MOV R4, R4 | MOV R5, R5 | MOV R6, R6 | MOV R7, R7 | MOV R8, R8 | MOV R9, R9 | MOV R10, R10 | MOV R11, R11",3,"WARPSYNC.ALL | R2UR UR4, R0 | LDTM.16 dp128bit.x4 R4, tmem[UR4]","removed 2 NOP, removed 1 identity IADD3, removed 9 identity MOV, removed 1 duplicate WARPSYNC.ALL",24,3,10,0,"LDCU UR4, c[0x0][0x380] | LDTM.16 dp128bit.x4 R4, tmem[UR4] | LDCU.64 UR4, c[0x0][0x358]",3,"LDCU UR4, c[0x0][0x380] | LDTM.16 dp128bit.x4 R4, tmem[UR4] | LDCU.64 UR4, c[0x0][0x358]",,3,"WARPSYNC.ALL | R2UR UR4, R0 | LDTM.16 dp128bit.x4 R4, tmem[UR4]",VERIFIED,1:N,verified tcgen05 ld/st protocol: warp sync + R-to-UR routing + TMEM opcode,1:N,1:N,1:N,O3 source locations interleaved by scheduling; O3 core sequence is advisory only; 
01_tcgen05,T07,st,"tcgen05.st.sync.aligned.16x64b.x1.b32 [%taddr], {%src0};",2,2,32,8,3,0,"WARPSYNC.ALL | NOP | IADD3 R0, PT, PT, R0, RZ, RZ | MOV R0, R0 | WARPSYNC.ALL | NOP | R2UR UR4, R0 | STTM.16 dp64bit tmem[UR4], R2",3,"WARPSYNC.ALL | R2UR UR4, R0 | STTM.16 dp64bit tmem[UR4], R2","removed 2 NOP, removed 1 identity IADD3, removed 1 identity MOV, removed 1 duplicate WARPSYNC.ALL",16,2,1,0,"LDCU UR4, c[0x0][0x380] | STTM.16 dp64bit tmem[UR4], RZ",2,"LDCU UR4, c[0x0][0x380] | STTM.16 dp64bit tmem[UR4], RZ",,3,"WARPSYNC.ALL | R2UR UR4, R0 | STTM.16 dp64bit tmem[UR4], R2",VERIFIED,1:N,verified tcgen05 ld/st protocol: warp sync + R-to-UR routing + TMEM opcode,1:N,1:N,1:N,
01_tcgen05,T08,alloc_cg1,"tcgen05.alloc.cta_group::1.sync.aligned.shared::cta.b32 [smem_result], %ncols;",1,1,112,93,6,4,"MOV R0, R0 | MOV R2, 0x400 | IADD3 R2, PT, PT, RZ, R2, RZ | S2R R3, SR_CgaCtaId | LEA R2, R3, R2, 0x18 | MOV R2, R2 | MOV R2, R2 | MOV R3, RZ | MOV R4, R2 | MOV R3, R3 | MOV R2, R4 | MOV R3, R3 | IADD3 R2, P0, PT, R2, RZ, RZ | IADD3.X R3, PT, PT, R3, RZ, RZ, P0, !PT | MOV R2, R2 | MOV R0, R0 | MOV R2, R2 | MOV R2, R2 | MOV R3, R0 | MOV R0, R2 | MOV R3, R3 | WARPSYNC.ALL | NOP | MOV R2, 0x40 | S2R R4, SR_CgaCtaId | LEA R2, R4, R2, 0x18 | MOV R2, R2 | LDS.U8 R2, [R2] | PRMT R2, R2, 0x7770, RZ | PRMT R2, R2, 0x7710, RZ | MOV R2, R2 | PRMT R2, R2, 0x7770, RZ | MOV R2, R2 | ISETP.EQ.AND P0, PT, R2, RZ, PT | PLOP3.LUT P0, PT, P0, PT, PT, 0x8, 0x80 | MOV R2, R2 | @P0 BRA `(.L_x_0) | SHF.R.S32.HI R3, RZ, 0x5, R3 | MOV R2, 0xffffffff | WARPSYNC.COLLECTIVE R2, `(.L_x_1) | ELECT P0, UR79, PT | MOV R2, UR79 | ENDCOLLECTIVE | PLOP3.LUT P0, PT, P0, PT, PT, 0x80, 0x8 | PLOP3.LUT P0, PT, P0, PT, PT, 0x8, 0x80 | MOV R3, R3 | @P0 BRA `(.L_x_2) | R2UR UR4, R3 | PLOP3.LUT P1, PT, PT, PT, PT, 0x80, 0x8 | @P1 ELECT P0, URZ, PT | @P0 PLOP3.LUT P1, PT, P0, PT, PT, 0x8, 0x80 | DEPBAR.LE SB0, 0x36 | UTCATOMSWS.FIND_AND_SET.ALIGN UP0, UR5, UR4 | PLOP3.LUT P0, PT, PT, PT, PT, 0x8, 0x80 | @P1 BRA.U.ANY `(.L_x_3) | MOV R2, UR5 | PLOP3.LUT P0, PT, PT, PT, UP0, 0x80, 0x8 | SEL R4, RZ, 0xffffffff, !P0 | ISETP.EQ.AND P0, PT, R4, RZ, PT | PLOP3.LUT P0, PT, P0, PT, PT, 0x8, 0x80 | MOV R2, R2 | @P0 BRA `(.L_x_4) | NANOSLEEP 0x64 | NOP | BRA `(.L_x_5) | MOV R2, R2 | MOV R3, R3 | MOV R4, 0xffffffff | SHF.L.U32 R3, R4, R3, RZ | LOP3.LUT R3, RZ, R3, RZ, 0x33, !PT | SHF.L.U32 R3, R3, R2, RZ | IADD3 R4, PT, PT, R2, 0x10, RZ | MOV R5, 0x1 | SHF.L.U32 R4, R5, R4, RZ | LOP3.LUT R3, R4, R3, RZ, 0xfc, !PT | MOV R3, R3 | MOV R4, 0x50 | S2R R5, SR_CgaCtaId | LEA R4, R5, R4, 0x18 | MOV R4, R4 | ATOMS.OR RZ, [R4], R3 | SHF.L.U32 R2, R2, 0x5, RZ | MOV R0, R0 | STS [R0], R2 | BRA `(.L_x_2) | MOV R0, R0 | MOV R3, 0xffffffff | STS [R0], R3 | MOV R2, R2 | MOV R2, 0x5f0 | CALL.REL.NOINC `($__internal_0_$__cuda_sm10x_tcgen05_guardrail_trap_phase_invalid_during_alloc) | WARPSYNC.ALL | NOP",66,"MOV R2, 0x400 | S2R R3, SR_CgaCtaId | LEA R2, R3, R2, 0x18 | MOV R3, RZ | MOV R4, R2 | MOV R2, R4 | IADD3 R2, P0, PT, R2, RZ, RZ | IADD3.X R3, PT, PT, R3, RZ, RZ, P0, !PT | MOV R3, R0 | MOV R0, R2 | WARPSYNC.ALL | MOV R2, 0x40 | S2R R4, SR_CgaCtaId | LEA R2, R4, R2, 0x18 | LDS.U8 R2, [R2] | PRMT R2, R2, 0x7770, RZ | PRMT R2, R2, 0x7710, RZ | PRMT R2, R2, 0x7770, RZ | ISETP.EQ.AND P0, PT, R2, RZ, PT | PLOP3.LUT P0, PT, P0, PT, PT, 0x8, 0x80 | @P0 BRA `(.L_x_0) | SHF.R.S32.HI R3, RZ, 0x5, R3 | MOV R2, 0xffffffff | WARPSYNC.COLLECTIVE R2, `(.L_x_1) | ELECT P0, UR79, PT | MOV R2, UR79 | ENDCOLLECTIVE | PLOP3.LUT P0, PT, P0, PT, PT, 0x80, 0x8 | PLOP3.LUT P0, PT, P0, PT, PT, 0x8, 0x80 | @P0 BRA `(.L_x_2) | R2UR UR4, R3 | PLOP3.LUT P1, PT, PT, PT, PT, 0x80, 0x8 | @P1 ELECT P0, URZ, PT | @P0 PLOP3.LUT P1, PT, P0, PT, PT, 0x8, 0x80 | DEPBAR.LE SB0, 0x36 | UTCATOMSWS.FIND_AND_SET.ALIGN UP0, UR5, UR4 | PLOP3.LUT P0, PT, PT, PT, PT, 0x8, 0x80 | @P1 BRA.U.ANY `(.L_x_3) | MOV R2, UR5 | PLOP3.LUT P0, PT, PT, PT, UP0, 0x80, 0x8 | SEL R4, RZ, 0xffffffff, !P0 | ISETP.EQ.AND P0, PT, R4, RZ, PT | PLOP3.LUT P0, PT, P0, PT, PT, 0x8, 0x80 | @P0 BRA `(.L_x_4) | NANOSLEEP 0x64 | BRA `(.L_x_5) | MOV R4, 0xffffffff | SHF.L.U32 R3, R4, R3, RZ | LOP3.LUT R3, RZ, R3, RZ, 0x33, !PT | SHF.L.U32 R3, R3, R2, RZ | IADD3 R4, PT, PT, R2, 0x10, RZ | MOV R5, 0x1 | SHF.L.U32 R4, R5, R4, RZ | LOP3.LUT R3, R4, R3, RZ, 0xfc, !PT | MOV R4, 0x50 | S2R R5, SR_CgaCtaId | LEA R4, R5, R4, 0x18 | ATOMS.OR RZ, [R4], R3 | SHF.L.U32 R2, R2, 0x5, RZ | STS [R0], R2 | BRA `(.L_x_2) | MOV R3, 0xffffffff | STS [R0], R3 | MOV R2, 0x5f0 | CALL.REL.NOINC `($__internal_0_$__cuda_sm10x_tcgen05_guardrail_trap_phase_invalid_during_alloc) | WARPSYNC.ALL","removed 23 identity MOV, removed 1 identity IADD3, removed 3 NOP",64,50,5,3,"S2UR UR6, SR_CgaCtaId | NOP | UMOV UR4, 0x40 | ULEA UR4, UR6, UR4, 0x18 | LDS.U8 R0, [UR4] | UMOV UR4, 0x400 | ULEA UR4, UR6, UR4, 0x18 | ISETP.NE.AND P0, PT, R0, RZ, PT | @P0 BRA `(.L_x_0) | ELECT P0, URZ, PT | @!P0 BRA `(.L_x_1) | LDC R0, c[0x0][0x380] | IMAD.MOV.U32 R3, RZ, RZ, -0x1 | IMAD.MOV.U32 R5, RZ, RZ, 0x1 | SHF.R.S32.HI R0, RZ, 0x5, R0 | R2UR UR5, R0 | DEPBAR.LE SB0, 0x36 | UTCATOMSWS.FIND_AND_SET.ALIGN UP0, UR5, UR5 | PLOP3.LUT P0, PT, PT, PT, UP0, 0x80, 0x8 | SEL R2, RZ, 0xffffffff, !P0 | ISETP.NE.AND P0, PT, R2, RZ, PT | SHF.L.U32 R2, R3, R0, RZ | LOP3.LUT R3, RZ, R2, RZ, 0x33, !PT | IMAD.U32 R2, RZ, RZ, UR5 | @P0 BRA `(.L_x_2) | NANOSLEEP 0x64 | R2UR UR5, R0 | DEPBAR.LE SB0, 0x36 | UTCATOMSWS.FIND_AND_SET.ALIGN UP0, UR5, UR5 | PLOP3.LUT P0, PT, PT, PT, UP0, 0x80, 0x8 | SEL R2, RZ, 0xffffffff, !P0 | ISETP.NE.AND P0, PT, R2, RZ, PT | IMAD.U32 R2, RZ, RZ, UR5 | @!P0 BRA `(.L_x_3) | VIADD R0, R2.reuse, 0x10 | UMOV UR5, 0x50 | SHF.L.U32 R3, R3, R2, RZ | ULEA UR5, UR6, UR5, 0x18 | IMAD.SHL.U32 R2, R2, 0x20, RZ | SHF.L.U32 R0, R5, R0, RZ | LOP3.LUT R0, R0, R3, RZ, 0xfc, !PT | ATOMS.OR RZ, [UR5], R0 | STS [UR4], R2 | BRA `(.L_x_1) | IMAD.MOV.U32 R0, RZ, RZ, -0x1 | MOV R2, 0x310 | STS [UR4], R0 | CALL.REL.NOINC `($__internal_0_$__cuda_sm10x_tcgen05_guardrail_trap_phase_invalid_during_alloc) | WARPSYNC.ALL | NOP",48,"S2UR UR6, SR_CgaCtaId | UMOV UR4, 0x40 | ULEA UR4, UR6, UR4, 0x18 | LDS.U8 R0, [UR4] | UMOV UR4, 0x400 | ULEA UR4, UR6, UR4, 0x18 | ISETP.NE.AND P0, PT, R0, RZ, PT | @P0 BRA `(.L_x_0) | ELECT P0, URZ, PT | @!P0 BRA `(.L_x_1) | LDC R0, c[0x0][0x380] | IMAD.MOV.U32 R3, RZ, RZ, -0x1 | IMAD.MOV.U32 R5, RZ, RZ, 0x1 | SHF.R.S32.HI R0, RZ, 0x5, R0 | R2UR UR5, R0 | DEPBAR.LE SB0, 0x36 | UTCATOMSWS.FIND_AND_SET.ALIGN UP0, UR5, UR5 | PLOP3.LUT P0, PT, PT, PT, UP0, 0x80, 0x8 | SEL R2, RZ, 0xffffffff, !P0 | ISETP.NE.AND P0, PT, R2, RZ, PT | SHF.L.U32 R2, R3, R0, RZ | LOP3.LUT R3, RZ, R2, RZ, 0x33, !PT | IMAD.U32 R2, RZ, RZ, UR5 | @P0 BRA `(.L_x_2) | NANOSLEEP 0x64 | R2UR UR5, R0 | DEPBAR.LE SB0, 0x36 | UTCATOMSWS.FIND_AND_SET.ALIGN UP0, UR5, UR5 | PLOP3.LUT P0, PT, PT, PT, UP0, 0x80, 0x8 | SEL R2, RZ, 0xffffffff, !P0 | ISETP.NE.AND P0, PT, R2, RZ, PT | IMAD.U32 R2, RZ, RZ, UR5 | @!P0 BRA `(.L_x_3) | VIADD R0, R2.reuse, 0x10 | UMOV UR5, 0x50 | SHF.L.U32 R3, R3, R2, RZ | ULEA UR5, UR6, UR5, 0x18 | IMAD.SHL.U32 R2, R2, 0x20, RZ | SHF.L.U32 R0, R5, R0, RZ | LOP3.LUT R0, R0, R3, RZ, 0xfc, !PT | ATOMS.OR RZ, [UR5], R0 | STS [UR4], R2 | BRA `(.L_x_1) | IMAD.MOV.U32 R0, RZ, RZ, -0x1 | MOV R2, 0x310 | STS [UR4], R0 | CALL.REL.NOINC `($__internal_0_$__cuda_sm10x_tcgen05_guardrail_trap_phase_invalid_during_alloc) | WARPSYNC.ALL",removed 2 NOP,56,"WARPSYNC.ALL | MOV R2, 0x40 | S2R R4, SR_CgaCtaId | LEA R2, R4, R2, 0x18 | LDS.U8 R2, [R2] | PRMT R2, R2, 0x7770, RZ | PRMT R2, R2, 0x7710, RZ | PRMT R2, R2, 0x7770, RZ | ISETP.EQ.AND P0, PT, R2, RZ, PT | PLOP3.LUT P0, PT, P0, PT, PT, 0x8, 0x80 | @P0 BRA `(.L_x_0) | SHF.R.S32.HI R3, RZ, 0x5, R3 | MOV R2, 0xffffffff | WARPSYNC.COLLECTIVE R2, `(.L_x_1) | ELECT P0, UR79, PT | MOV R2, UR79 | ENDCOLLECTIVE | PLOP3.LUT P0, PT, P0, PT, PT, 0x80, 0x8 | PLOP3.LUT P0, PT, P0, PT, PT, 0x8, 0x80 | @P0 BRA `(.L_x_2) | R2UR UR4, R3 | PLOP3.LUT P1, PT, PT, PT, PT, 0x80, 0x8 | @P1 ELECT P0, URZ, PT | @P0 PLOP3.LUT P1, PT, P0, PT, PT, 0x8, 0x80 | DEPBAR.LE SB0, 0x36 | UTCATOMSWS.FIND_AND_SET.ALIGN UP0, UR5, UR4 | PLOP3.LUT P0, PT, PT, PT, PT, 0x8, 0x80 | @P1 BRA.U.ANY `(.L_x_3) | MOV R2, UR5 | PLOP3.LUT P0, PT, PT, PT, UP0, 0x80, 0x8 | SEL R4, RZ, 0xffffffff, !P0 | ISETP.EQ.AND P0, PT, R4, RZ, PT | PLOP3.LUT P0, PT, P0, PT, PT, 0x8, 0x80 | @P0 BRA `(.L_x_4) | NANOSLEEP 0x64 | BRA `(.L_x_5) | MOV R4, 0xffffffff | SHF.L.U32 R3, R4, R3, RZ | LOP3.LUT R3, RZ, R3, RZ, 0x33, !PT | SHF.L.U32 R3, R3, R2, RZ | IADD3 R4, PT, PT, R2, 0x10, RZ | MOV R5, 0x1 | SHF.L.U32 R4, R5, R4, RZ | LOP3.LUT R3, R4, R3, RZ, 0xfc, !PT | MOV R4, 0x50 | S2R R5, SR_CgaCtaId | LEA R4, R5, R4, 0x18 | ATOMS.OR RZ, [R4], R3 | SHF.L.U32 R2, R2, 0x5, RZ | STS [R0], R2 | BRA `(.L_x_2) | MOV R3, 0xffffffff | STS [R0], R3 | MOV R2, 0x5f0 | CALL.REL.NOINC `($__internal_0_$__cuda_sm10x_tcgen05_guardrail_trap_phase_invalid_during_alloc) | WARPSYNC.ALL",VERIFIED,1:N,verified tcgen05 allocation guardrail protocol; excluded input/shared-address setup,1:N,1:N,1:N,
01_tcgen05,T09,dealloc_cg1,"tcgen05.dealloc.cta_group::1.sync.aligned.b32 %taddr, %ncols;",2,2,176,134,12,9,"MOV R0, R0 | MOV R3, R0 | LOP3.LUT R3, R3, 0xffff, RZ, 0xc0, !PT | MOV R6, R2 | MOV R0, R0 | MOV R2, R3 | MOV R6, R6 | WARPSYNC.ALL | NOP | SHF.R.S32.HI R6, RZ, 0x5, R6 | SHF.R.U32.HI R3, RZ, 0x5, R2 | MOV R3, R3 | MOV R6, R6 | MOV R7, 0xffffffff | SHF.L.U32 R6, R7, R6, RZ | LOP3.LUT R6, RZ, R6, RZ, 0x33, !PT | SHF.L.U32 R6, R6, R3, RZ | IADD3 R7, PT, PT, R3, 0x10, RZ | MOV R8, 0x1 | SHF.L.U32 R7, R8, R7, RZ | LOP3.LUT R6, R7, R6, RZ, 0xfc, !PT | MOV R6, R6 | LOP3.LUT R10, R6, 0xffff, RZ, 0xc0, !PT | SHF.R.U32.HI R7, RZ, 0x10, R6 | MOV R8, 0x50 | S2R R9, SR_CgaCtaId | LEA R8, R9, R8, 0x18 | MOV R8, R8 | LDS R8, [R8] | LOP3.LUT R9, R8, 0xffff, RZ, 0xc0, !PT | SHF.R.U32.HI R8, RZ, 0x10, R8 | LOP3.LUT R11, R9, R10, RZ, 0xc0, !PT | ISETP.NE.AND P0, PT, R11, R10, PT | MOV R10, R3 | MOV R6, R6 | MOV R7, R7 | MOV R3, R9 | MOV R8, R8 | @P0 BRA `(.L_x_0) | LOP3.LUT R2, R8, R7, RZ, 0xc0, !PT | ISETP.NE.AND P0, PT, R2, R7, PT | @P0 BRA `(.L_x_1) | LOP3.LUT R6, RZ, R6, RZ, 0x33, !PT | MOV R2, 0xffffffff | WARPSYNC.COLLECTIVE R2, `(.L_x_2) | ELECT P0, UR79, PT | MOV R2, UR79 | ENDCOLLECTIVE | PLOP3.LUT P0, PT, P0, PT, PT, 0x80, 0x8 | PLOP3.LUT P0, PT, P0, PT, PT, 0x8, 0x80 | MOV R6, R6 | BSSY.RECONVERGENT B0, `(.L_x_3) | @P0 BRA `(.L_x_4) | R2UR UR4, R6 | DEPBAR.LE SB0, 0x36 | UTCATOMSWS.AND URZ, UR4 | BSYNC.RECONVERGENT B0 | MOV R2, 0x50 | S2R R3, SR_CgaCtaId | LEA R2, R3, R2, 0x18 | MOV R2, R2 | ATOMS.AND RZ, [R2], R6 | BRA `(.L_x_5) | LOP3.LUT R3, R3, 0xffff, RZ, 0xc0, !PT | LOP3.LUT R6, RZ, R3, RZ, 0x33, !PT | MOV R6, R6 | MOV R7, 0x1 | MOV R10, R10 | MOV R8, 0xffffffff | SHF.L.U32 R10, R8, R10, RZ | LOP3.LUT R6, R6, R10, RZ, 0xc0, !PT | POPC R8, R6 | ISETP.LT.AND P0, PT, R8, R7, PT | PRMT R8, R6, 0x7710, RZ | POPC R8, R8 | ISETP.LT.U32.AND P1, PT, R8, R7, PT | SHF.R.U32.HI R9, RZ, 0x10, R6 | IADD3 R8, PT, PT, R7, -R8, RZ | IADD3 R10, PT, PT, RZ, 0x10, RZ | SEL R9, R9, R6, P1 | SEL R8, R8, R7, P1 | SEL R10, R10, RZ, P1 | PRMT R6, R9, 0x7770, RZ | POPC R6, R6 | ISETP.LT.U32.AND P1, PT, R6, R8, PT | SHF.R.U32.HI R7, RZ, 0x8, R9 | IADD3 R6, PT, PT, R8, -R6, RZ | IADD3 R11, PT, PT, R10, 0x8, RZ | SEL R7, R7, R9, P1 | SEL R6, R6, R8, P1 | SEL R11, R11, R10, P1 | SHF.R.U32.HI R8, RZ, RZ, R7 | SGXT.U32 R8, R8, 0x4 | POPC R8, R8 | ISETP.LT.U32.AND P1, PT, R8, R6, PT | SHF.R.U32.HI R9, RZ, 0x4, R7 | IADD3 R8, PT, PT, R6, -R8, RZ | IADD3 R10, PT, PT, R11, 0x4, RZ | SEL R9, R9, R7, P1 | SEL R8, R8, R6, P1 | SEL R10, R10, R11, P1 | SHF.R.U32.HI R6, RZ, RZ, R9 | SGXT.U32 R6, R6, 0x1 | SHF.R.U32.HI R7, RZ, 0x1, R9 | SGXT.U32 R7, R7, 0x1 | IADD3 R6, PT, PT, R6, R7, RZ | ISETP.LT.U32.AND P1, PT, R6, R8, PT | SHF.R.U32.HI R7, RZ, 0x2, R9 | IADD3 R6, PT, PT, R8, -R6, RZ | IADD3 R11, PT, PT, R10, 0x2, RZ | SEL R7, R7, R9, P1 | SEL R6, R6, R8, P1 | SEL R11, R11, R10, P1 | SHF.R.U32.HI R7, RZ, RZ, R7 | SGXT.U32 R7, R7, 0x1 | ISETP.LT.U32.AND P1, PT, R7, R6, PT | IADD3 R6, PT, PT, R11, 0x1, RZ | SEL R6, R6, R11, P1 | SEL R6, R6, 0xffffffff, !P0 | IMAD.SHL.U32 R6, R6, 0x20, RZ | VIMNMX.U32 R6, PT, PT, R6, R2, !PT | MOV R6, R6 | MOV R2, R3 | MOV R3, R3 | MOV R2, 0x860 | CALL.REL.NOINC `($__internal_1_$__cuda_sm10x_tcgen05_guardrail_trap_unallocated_columns_being_dealloced) | BRA `(.L_x_5) | MOV R7, R7 | MOV R8, R8 | MOV R2, 0x8b0 | CALL.REL.NOINC `($__internal_0_$__cuda_sm10x_tcgen05_guardrail_trap_col_being_dealloced_not_returned_by_alloc) | BRA `(.L_x_5) | WARPSYNC.ALL | NOP",114,"MOV R3, R0 | LOP3.LUT R3, R3, 0xffff, RZ, 0xc0, !PT | MOV R6, R2 | MOV R2, R3 | WARPSYNC.ALL | SHF.R.S32.HI R6, RZ, 0x5, R6 | SHF.R.U32.HI R3, RZ, 0x5, R2 | MOV R7, 0xffffffff | SHF.L.U32 R6, R7, R6, RZ | LOP3.LUT R6, RZ, R6, RZ, 0x33, !PT | SHF.L.U32 R6, R6, R3, RZ | IADD3 R7, PT, PT, R3, 0x10, RZ | MOV R8, 0x1 | SHF.L.U32 R7, R8, R7, RZ | LOP3.LUT R6, R7, R6, RZ, 0xfc, !PT | LOP3.LUT R10, R6, 0xffff, RZ, 0xc0, !PT | SHF.R.U32.HI R7, RZ, 0x10, R6 | MOV R8, 0x50 | S2R R9, SR_CgaCtaId | LEA R8, R9, R8, 0x18 | LDS R8, [R8] | LOP3.LUT R9, R8, 0xffff, RZ, 0xc0, !PT | SHF.R.U32.HI R8, RZ, 0x10, R8 | LOP3.LUT R11, R9, R10, RZ, 0xc0, !PT | ISETP.NE.AND P0, PT, R11, R10, PT | MOV R10, R3 | MOV R3, R9 | @P0 BRA `(.L_x_0) | LOP3.LUT R2, R8, R7, RZ, 0xc0, !PT | ISETP.NE.AND P0, PT, R2, R7, PT | @P0 BRA `(.L_x_1) | LOP3.LUT R6, RZ, R6, RZ, 0x33, !PT | MOV R2, 0xffffffff | WARPSYNC.COLLECTIVE R2, `(.L_x_2) | ELECT P0, UR79, PT | MOV R2, UR79 | ENDCOLLECTIVE | PLOP3.LUT P0, PT, P0, PT, PT, 0x80, 0x8 | PLOP3.LUT P0, PT, P0, PT, PT, 0x8, 0x80 | BSSY.RECONVERGENT B0, `(.L_x_3) | @P0 BRA `(.L_x_4) | R2UR UR4, R6 | DEPBAR.LE SB0, 0x36 | UTCATOMSWS.AND URZ, UR4 | BSYNC.RECONVERGENT B0 | MOV R2, 0x50 | S2R R3, SR_CgaCtaId | LEA R2, R3, R2, 0x18 | ATOMS.AND RZ, [R2], R6 | BRA `(.L_x_5) | LOP3.LUT R3, R3, 0xffff, RZ, 0xc0, !PT | LOP3.LUT R6, RZ, R3, RZ, 0x33, !PT | MOV R7, 0x1 | MOV R8, 0xffffffff | SHF.L.U32 R10, R8, R10, RZ | LOP3.LUT R6, R6, R10, RZ, 0xc0, !PT | POPC R8, R6 | ISETP.LT.AND P0, PT, R8, R7, PT | PRMT R8, R6, 0x7710, RZ | POPC R8, R8 | ISETP.LT.U32.AND P1, PT, R8, R7, PT | SHF.R.U32.HI R9, RZ, 0x10, R6 | IADD3 R8, PT, PT, R7, -R8, RZ | IADD3 R10, PT, PT, RZ, 0x10, RZ | SEL R9, R9, R6, P1 | SEL R8, R8, R7, P1 | SEL R10, R10, RZ, P1 | PRMT R6, R9, 0x7770, RZ | POPC R6, R6 | ISETP.LT.U32.AND P1, PT, R6, R8, PT | SHF.R.U32.HI R7, RZ, 0x8, R9 | IADD3 R6, PT, PT, R8, -R6, RZ | IADD3 R11, PT, PT, R10, 0x8, RZ | SEL R7, R7, R9, P1 | SEL R6, R6, R8, P1 | SEL R11, R11, R10, P1 | SHF.R.U32.HI R8, RZ, RZ, R7 | SGXT.U32 R8, R8, 0x4 | POPC R8, R8 | ISETP.LT.U32.AND P1, PT, R8, R6, PT | SHF.R.U32.HI R9, RZ, 0x4, R7 | IADD3 R8, PT, PT, R6, -R8, RZ | IADD3 R10, PT, PT, R11, 0x4, RZ | SEL R9, R9, R7, P1 | SEL R8, R8, R6, P1 | SEL R10, R10, R11, P1 | SHF.R.U32.HI R6, RZ, RZ, R9 | SGXT.U32 R6, R6, 0x1 | SHF.R.U32.HI R7, RZ, 0x1, R9 | SGXT.U32 R7, R7, 0x1 | IADD3 R6, PT, PT, R6, R7, RZ | ISETP.LT.U32.AND P1, PT, R6, R8, PT | SHF.R.U32.HI R7, RZ, 0x2, R9 | IADD3 R6, PT, PT, R8, -R6, RZ | IADD3 R11, PT, PT, R10, 0x2, RZ | SEL R7, R7, R9, P1 | SEL R6, R6, R8, P1 | SEL R11, R11, R10, P1 | SHF.R.U32.HI R7, RZ, RZ, R7 | SGXT.U32 R7, R7, 0x1 | ISETP.LT.U32.AND P1, PT, R7, R6, PT | IADD3 R6, PT, PT, R11, 0x1, RZ | SEL R6, R6, R11, P1 | SEL R6, R6, 0xffffffff, !P0 | IMAD.SHL.U32 R6, R6, 0x20, RZ | VIMNMX.U32 R6, PT, PT, R6, R2, !PT | MOV R2, R3 | MOV R2, 0x860 | CALL.REL.NOINC `($__internal_1_$__cuda_sm10x_tcgen05_guardrail_trap_unallocated_columns_being_dealloced) | BRA `(.L_x_5) | MOV R2, 0x8b0 | CALL.REL.NOINC `($__internal_0_$__cuda_sm10x_tcgen05_guardrail_trap_col_being_dealloced_not_returned_by_alloc) | BRA `(.L_x_5) | WARPSYNC.ALL","removed 18 identity MOV, removed 2 NOP",72,46,6,3,"S2UR UR5, SR_CgaCtaId | NOP | UMOV UR4, 0x50 | LDC R2, c[0x0][0x384] | IMAD.MOV.U32 R3, RZ, RZ, -0x1 | LDCU.64 UR8, c[0x0][0x358] | IMAD.MOV.U32 R7, RZ, RZ, 0x1 | LDC R0, c[0x0][0x380] | ULEA UR4, UR5, UR4, 0x18 | SHF.R.S32.HI R2, RZ, 0x5, R2 | LDS R5, [UR4] | SHF.L.U32 R2, R3, R2, RZ | LOP3.LUT R0, R0, 0xffff, RZ, 0xc0, !PT | LOP3.LUT R3, RZ, R2, RZ, 0x33, !PT | SHF.R.U32.HI R0, RZ, 0x5, R0 | SHF.L.U32 R3, R3, R0, RZ | VIADD R2, R0, 0x10 | SHF.L.U32 R2, R7, R2, RZ | LOP3.LUT R2, R2, R3, RZ, 0xfc, !PT | LOP3.LUT R0, R2.reuse, 0xffff, RZ, 0xc0, !PT | LOP3.LUT R3, R2, 0xffff, R5, 0x80, !PT | ISETP.NE.AND P0, PT, R3, R0, PT | @P0 BRA `(.L_x_0) | SHF.R.U32.HI R5, RZ, 0x10, R5 | SHF.R.U32.HI R0, RZ, 0x10, R2 | LOP3.LUT R5, R5, R0, RZ, 0xc0, !PT | ISETP.NE.AND P0, PT, R5, R0, PT | @P0 BRA `(.L_x_1) | R2UR UR5, R2 | S2R R0, SR_LANEID | VOTEU.ANY UR6, UPT, PT | UFLO.U32 UR6, UR6 | ULOP3.LUT UR5, URZ, UR5, URZ, 0x33, !UPT | IMAD.U32 R2, RZ, RZ, UR5 | REDUX UR7, R2 | UTCATOMSWS.AND URZ, UR5 | ISETP.EQ.U32.AND P0, PT, R0, UR6, PT | IMAD.U32 R0, RZ, RZ, UR7 | @P0 ATOMS.AND RZ, [UR4], R0 | BRA `(.L_x_2) | MOV R2, 0x2b0 | CALL.REL.NOINC `($__internal_0_$__cuda_sm10x_tcgen05_guardrail_trap_col_being_dealloced_not_returned_by_alloc) | BRA `(.L_x_2) | MOV R2, 0x2e0 | CALL.REL.NOINC `($__internal_1_$__cuda_sm10x_tcgen05_guardrail_trap_unallocated_columns_being_dealloced) | NOP",44,"S2UR UR5, SR_CgaCtaId | UMOV UR4, 0x50 | LDC R2, c[0x0][0x384] | IMAD.MOV.U32 R3, RZ, RZ, -0x1 | LDCU.64 UR8, c[0x0][0x358] | IMAD.MOV.U32 R7, RZ, RZ, 0x1 | LDC R0, c[0x0][0x380] | ULEA UR4, UR5, UR4, 0x18 | SHF.R.S32.HI R2, RZ, 0x5, R2 | LDS R5, [UR4] | SHF.L.U32 R2, R3, R2, RZ | LOP3.LUT R0, R0, 0xffff, RZ, 0xc0, !PT | LOP3.LUT R3, RZ, R2, RZ, 0x33, !PT | SHF.R.U32.HI R0, RZ, 0x5, R0 | SHF.L.U32 R3, R3, R0, RZ | VIADD R2, R0, 0x10 | SHF.L.U32 R2, R7, R2, RZ | LOP3.LUT R2, R2, R3, RZ, 0xfc, !PT | LOP3.LUT R0, R2.reuse, 0xffff, RZ, 0xc0, !PT | LOP3.LUT R3, R2, 0xffff, R5, 0x80, !PT | ISETP.NE.AND P0, PT, R3, R0, PT | @P0 BRA `(.L_x_0) | SHF.R.U32.HI R5, RZ, 0x10, R5 | SHF.R.U32.HI R0, RZ, 0x10, R2 | LOP3.LUT R5, R5, R0, RZ, 0xc0, !PT | ISETP.NE.AND P0, PT, R5, R0, PT | @P0 BRA `(.L_x_1) | R2UR UR5, R2 | S2R R0, SR_LANEID | VOTEU.ANY UR6, UPT, PT | UFLO.U32 UR6, UR6 | ULOP3.LUT UR5, URZ, UR5, URZ, 0x33, !UPT | IMAD.U32 R2, RZ, RZ, UR5 | REDUX UR7, R2 | UTCATOMSWS.AND URZ, UR5 | ISETP.EQ.U32.AND P0, PT, R0, UR6, PT | IMAD.U32 R0, RZ, RZ, UR7 | @P0 ATOMS.AND RZ, [UR4], R0 | BRA `(.L_x_2) | MOV R2, 0x2b0 | CALL.REL.NOINC `($__internal_0_$__cuda_sm10x_tcgen05_guardrail_trap_col_being_dealloced_not_returned_by_alloc) | BRA `(.L_x_2) | MOV R2, 0x2e0 | CALL.REL.NOINC `($__internal_1_$__cuda_sm10x_tcgen05_guardrail_trap_unallocated_columns_being_dealloced)",removed 2 NOP,110,"WARPSYNC.ALL | SHF.R.S32.HI R6, RZ, 0x5, R6 | SHF.R.U32.HI R3, RZ, 0x5, R2 | MOV R7, 0xffffffff | SHF.L.U32 R6, R7, R6, RZ | LOP3.LUT R6, RZ, R6, RZ, 0x33, !PT | SHF.L.U32 R6, R6, R3, RZ | IADD3 R7, PT, PT, R3, 0x10, RZ | MOV R8, 0x1 | SHF.L.U32 R7, R8, R7, RZ | LOP3.LUT R6, R7, R6, RZ, 0xfc, !PT | LOP3.LUT R10, R6, 0xffff, RZ, 0xc0, !PT | SHF.R.U32.HI R7, RZ, 0x10, R6 | MOV R8, 0x50 | S2R R9, SR_CgaCtaId | LEA R8, R9, R8, 0x18 | LDS R8, [R8] | LOP3.LUT R9, R8, 0xffff, RZ, 0xc0, !PT | SHF.R.U32.HI R8, RZ, 0x10, R8 | LOP3.LUT R11, R9, R10, RZ, 0xc0, !PT | ISETP.NE.AND P0, PT, R11, R10, PT | MOV R10, R3 | MOV R3, R9 | @P0 BRA `(.L_x_0) | LOP3.LUT R2, R8, R7, RZ, 0xc0, !PT | ISETP.NE.AND P0, PT, R2, R7, PT | @P0 BRA `(.L_x_1) | LOP3.LUT R6, RZ, R6, RZ, 0x33, !PT | MOV R2, 0xffffffff | WARPSYNC.COLLECTIVE R2, `(.L_x_2) | ELECT P0, UR79, PT | MOV R2, UR79 | ENDCOLLECTIVE | PLOP3.LUT P0, PT, P0, PT, PT, 0x80, 0x8 | PLOP3.LUT P0, PT, P0, PT, PT, 0x8, 0x80 | BSSY.RECONVERGENT B0, `(.L_x_3) | @P0 BRA `(.L_x_4) | R2UR UR4, R6 | DEPBAR.LE SB0, 0x36 | UTCATOMSWS.AND URZ, UR4 | BSYNC.RECONVERGENT B0 | MOV R2, 0x50 | S2R R3, SR_CgaCtaId | LEA R2, R3, R2, 0x18 | ATOMS.AND RZ, [R2], R6 | BRA `(.L_x_5) | LOP3.LUT R3, R3, 0xffff, RZ, 0xc0, !PT | LOP3.LUT R6, RZ, R3, RZ, 0x33, !PT | MOV R7, 0x1 | MOV R8, 0xffffffff | SHF.L.U32 R10, R8, R10, RZ | LOP3.LUT R6, R6, R10, RZ, 0xc0, !PT | POPC R8, R6 | ISETP.LT.AND P0, PT, R8, R7, PT | PRMT R8, R6, 0x7710, RZ | POPC R8, R8 | ISETP.LT.U32.AND P1, PT, R8, R7, PT | SHF.R.U32.HI R9, RZ, 0x10, R6 | IADD3 R8, PT, PT, R7, -R8, RZ | IADD3 R10, PT, PT, RZ, 0x10, RZ | SEL R9, R9, R6, P1 | SEL R8, R8, R7, P1 | SEL R10, R10, RZ, P1 | PRMT R6, R9, 0x7770, RZ | POPC R6, R6 | ISETP.LT.U32.AND P1, PT, R6, R8, PT | SHF.R.U32.HI R7, RZ, 0x8, R9 | IADD3 R6, PT, PT, R8, -R6, RZ | IADD3 R11, PT, PT, R10, 0x8, RZ | SEL R7, R7, R9, P1 | SEL R6, R6, R8, P1 | SEL R11, R11, R10, P1 | SHF.R.U32.HI R8, RZ, RZ, R7 | SGXT.U32 R8, R8, 0x4 | POPC R8, R8 | ISETP.LT.U32.AND P1, PT, R8, R6, PT | SHF.R.U32.HI R9, RZ, 0x4, R7 | IADD3 R8, PT, PT, R6, -R8, RZ | IADD3 R10, PT, PT, R11, 0x4, RZ | SEL R9, R9, R7, P1 | SEL R8, R8, R6, P1 | SEL R10, R10, R11, P1 | SHF.R.U32.HI R6, RZ, RZ, R9 | SGXT.U32 R6, R6, 0x1 | SHF.R.U32.HI R7, RZ, 0x1, R9 | SGXT.U32 R7, R7, 0x1 | IADD3 R6, PT, PT, R6, R7, RZ | ISETP.LT.U32.AND P1, PT, R6, R8, PT | SHF.R.U32.HI R7, RZ, 0x2, R9 | IADD3 R6, PT, PT, R8, -R6, RZ | IADD3 R11, PT, PT, R10, 0x2, RZ | SEL R7, R7, R9, P1 | SEL R6, R6, R8, P1 | SEL R11, R11, R10, P1 | SHF.R.U32.HI R7, RZ, RZ, R7 | SGXT.U32 R7, R7, 0x1 | ISETP.LT.U32.AND P1, PT, R7, R6, PT | IADD3 R6, PT, PT, R11, 0x1, RZ | SEL R6, R6, R11, P1 | SEL R6, R6, 0xffffffff, !P0 | IMAD.SHL.U32 R6, R6, 0x20, RZ | VIMNMX.U32 R6, PT, PT, R6, R2, !PT | MOV R2, R3 | MOV R2, 0x860 | CALL.REL.NOINC `($__internal_1_$__cuda_sm10x_tcgen05_guardrail_trap_unallocated_columns_being_dealloced) | BRA `(.L_x_5) | MOV R2, 0x8b0 | CALL.REL.NOINC `($__internal_0_$__cuda_sm10x_tcgen05_guardrail_trap_col_being_dealloced_not_returned_by_alloc) | BRA `(.L_x_5) | WARPSYNC.ALL",VERIFIED,1:N,verified tcgen05 allocation guardrail protocol; excluded input/shared-address setup,1:N,1:N,1:N,O3 source locations interleaved by scheduling; O3 core sequence is advisory only; 
01_tcgen05,T10,commit_cg1,tcgen05.commit.cta_group::1.mbarrier::arrive::one.shared::cluster.b64 [smem_mbar];,0,0,40,24,4,3,"MOV R0, 0x400 | IADD3 R0, PT, PT, RZ, R0, RZ | S2R R2, SR_CgaCtaId | LEA R0, R2, R0, 0x18 | MOV R0, R0 | MOV R2, R0 | MOV R3, RZ | MOV R0, R2 | MOV R2, R3 | MOV R0, R0 | MOV R2, R2 | IADD3 R0, P0, PT, R0, RZ, RZ | IADD3.X R2, PT, PT, R2, RZ, RZ, P0, !PT | MOV R0, R0 | MOV R2, R2 | MOV R0, R0 | MOV R0, R0 | R2UR UR4, R0 | PLOP3.LUT P1, PT, PT, PT, PT, 0x80, 0x8 | @P1 ELECT P0, URZ, PT | @P0 PLOP3.LUT P1, PT, P0, PT, PT, 0x8, 0x80 | UTCBAR [UR4], URZ | PLOP3.LUT P0, PT, PT, PT, PT, 0x8, 0x80 | @P1 BRA.U.ANY `(.L_x_0)",16,"MOV R0, 0x400 | S2R R2, SR_CgaCtaId | LEA R0, R2, R0, 0x18 | MOV R2, R0 | MOV R3, RZ | MOV R0, R2 | MOV R2, R3 | IADD3 R0, P0, PT, R0, RZ, RZ | IADD3.X R2, PT, PT, R2, RZ, RZ, P0, !PT | R2UR UR4, R0 | PLOP3.LUT P1, PT, PT, PT, PT, 0x80, 0x8 | @P1 ELECT P0, URZ, PT | @P0 PLOP3.LUT P1, PT, P0, PT, PT, 0x8, 0x80 | UTCBAR [UR4], URZ | PLOP3.LUT P0, PT, PT, PT, PT, 0x8, 0x80 | @P1 BRA.U.ANY `(.L_x_0)","removed 1 identity IADD3, removed 7 identity MOV",24,9,1,0,"S2UR UR5, SR_CgaCtaId | PLOP3.LUT P0, PT, PT, PT, PT, 0x80, 0x8 | UMOV UR4, 0x400 | ULEA UR4, UR5, UR4, 0x18 | @P0 ELECT P1, URZ, PT | UTCBAR [UR4], URZ | @P1 PLOP3.LUT P0, PT, P1, PT, PT, 0x8, 0x80 | PLOP3.LUT P1, PT, PT, PT, PT, 0x8, 0x80 | @P0 BRA.U.ANY `(.L_x_0)",9,"S2UR UR5, SR_CgaCtaId | PLOP3.LUT P0, PT, PT, PT, PT, 0x80, 0x8 | UMOV UR4, 0x400 | ULEA UR4, UR5, UR4, 0x18 | @P0 ELECT P1, URZ, PT | UTCBAR [UR4], URZ | @P1 PLOP3.LUT P0, PT, P1, PT, PT, 0x8, 0x80 | PLOP3.LUT P1, PT, PT, PT, PT, 0x8, 0x80 | @P0 BRA.U.ANY `(.L_x_0)",,7,"R2UR UR4, R0 | PLOP3.LUT P1, PT, PT, PT, PT, 0x80, 0x8 | @P1 ELECT P0, URZ, PT | @P0 PLOP3.LUT P1, PT, P0, PT, PT, 0x8, 0x80 | UTCBAR [UR4], URZ | PLOP3.LUT P0, PT, PT, PT, PT, 0x8, 0x80 | @P1 BRA.U.ANY `(.L_x_0)",VERIFIED,1:N,"verified tcgen05 uniform/election protocol; excluded input predicate, coordinate, and shared-address setup",1:N,1:N,1:N,
01_tcgen05,T11,fence,tcgen05.fence::after_thread_sync;,0,0,16,1,1,0,NOP,0,,removed 1 NOP,16,1,1,0,NOP,0,,removed 1 NOP,0,,VERIFIED,NO_CORE_SASS,verified zero-core lowering: tcgen05 fence produced only NOP,1:1,NO_CORE_SASS,NO_CORE_SASS,
01_tcgen05,T12,mma_cg1_f16,"tcgen05.mma.cta_group::1.kind::f16 [%taddr], %desc_a, %desc_b, %idesc, {%mask0, %mask1, %mask2, %mask3}, %enable;",9,8,80,43,17,6,"IADD3 R0, PT, PT, R0, RZ, RZ | MOV R3, R2 | MOV R2, RZ | SEL R8, RZ, 0x1, !P0 | MOV R9, R4 | MOV R10, R5 | MOV R11, R6 | MOV R12, R7 | MOV R4, R15 | MOV R5, R16 | MOV R4, R4 | MOV R5, R5 | MOV R6, R13 | MOV R7, R14 | MOV R6, R6 | MOV R7, R7 | MOV R0, R0 | MOV R2, R2 | MOV R3, R3 | MOV R8, R8 | MOV R9, R9 | MOV R10, R10 | MOV R11, R11 | MOV R12, R12 | ISETP.NE.AND P0, PT, R8, RZ, PT | R2UR UR4, R4 | R2UR UR5, R5 | R2UR UR6, R6 | R2UR UR7, R7 | R2UR UR8, R2 | R2UR UR9, R3 | R2UR UR12, R9 | R2UR UR13, R10 | R2UR UR14, R11 | R2UR UR15, R12 | VOTEU.ANY UP0, P0 | R2UR UR10, R0 | PLOP3.LUT P1, PT, PT, PT, PT, 0x80, 0x8 | @P1 ELECT P0, URZ, PT | @P0 PLOP3.LUT P1, PT, P0, PT, PT, 0x8, 0x80 | UTCHMMA gdesc[UR4], gdesc[UR6], tmem[UR10], tmem[UR8], idesc[UR9], UR12, UP0 | PLOP3.LUT P0, PT, PT, PT, PT, 0x8, 0x80 | @P1 BRA.U.ANY `(.L_x_0)",30,"MOV R3, R2 | MOV R2, RZ | SEL R8, RZ, 0x1, !P0 | MOV R9, R4 | MOV R10, R5 | MOV R11, R6 | MOV R12, R7 | MOV R4, R15 | MOV R5, R16 | MOV R6, R13 | MOV R7, R14 | ISETP.NE.AND P0, PT, R8, RZ, PT | R2UR UR4, R4 | R2UR UR5, R5 | R2UR UR6, R6 | R2UR UR7, R7 | R2UR UR8, R2 | R2UR UR9, R3 | R2UR UR12, R9 | R2UR UR13, R10 | R2UR UR14, R11 | R2UR UR15, R12 | VOTEU.ANY UP0, P0 | R2UR UR10, R0 | PLOP3.LUT P1, PT, PT, PT, PT, 0x80, 0x8 | @P1 ELECT P0, URZ, PT | @P0 PLOP3.LUT P1, PT, P0, PT, PT, 0x8, 0x80 | UTCHMMA gdesc[UR4], gdesc[UR6], tmem[UR10], tmem[UR8], idesc[UR9], UR12, UP0 | PLOP3.LUT P0, PT, PT, PT, PT, 0x8, 0x80 | @P1 BRA.U.ANY `(.L_x_0)","removed 1 identity IADD3, removed 12 identity MOV",24,11,1,0,"PLOP3.LUT P0, PT, PT, PT, PT, 0x80, 0x8 | LDCU UR6, c[0x0][0x380] | LDCU.64 UR8, c[0x0][0x388] | LDCU.64 UR10, c[0x0][0x390] | UMOV UR4, URZ | UISETP.NE.U32.AND UP0, UPT, UR5, URZ, UPT | @P0 ELECT P1, URZ, PT | UTCHMMA gdesc[UR8], gdesc[UR10], tmem[UR6], tmem[UR4], idesc[UR5], UP0 | @P1 PLOP3.LUT P0, PT, P1, PT, PT, 0x8, 0x80 | PLOP3.LUT P1, PT, PT, PT, PT, 0x8, 0x80 | @P0 BRA.U.ANY `(.L_x_0)",11,"PLOP3.LUT P0, PT, PT, PT, PT, 0x80, 0x8 | LDCU UR6, c[0x0][0x380] | LDCU.64 UR8, c[0x0][0x388] | LDCU.64 UR10, c[0x0][0x390] | UMOV UR4, URZ | UISETP.NE.U32.AND UP0, UPT, UR5, URZ, UPT | @P0 ELECT P1, URZ, PT | UTCHMMA gdesc[UR8], gdesc[UR10], tmem[UR6], tmem[UR4], idesc[UR5], UP0 | @P1 PLOP3.LUT P0, PT, P1, PT, PT, 0x8, 0x80 | PLOP3.LUT P1, PT, PT, PT, PT, 0x8, 0x80 | @P0 BRA.U.ANY `(.L_x_0)",,18,"R2UR UR4, R4 | R2UR UR5, R5 | R2UR UR6, R6 | R2UR UR7, R7 | R2UR UR8, R2 | R2UR UR9, R3 | R2UR UR12, R9 | R2UR UR13, R10 | R2UR UR14, R11 | R2UR UR15, R12 | VOTEU.ANY UP0, P0 | R2UR UR10, R0 | PLOP3.LUT P1, PT, PT, PT, PT, 0x80, 0x8 | @P1 ELECT P0, URZ, PT | @P0 PLOP3.LUT P1, PT, P0, PT, PT, 0x8, 0x80 | UTCHMMA gdesc[UR4], gdesc[UR6], tmem[UR10], tmem[UR8], idesc[UR9], UR12, UP0 | PLOP3.LUT P0, PT, PT, PT, PT, 0x8, 0x80 | @P1 BRA.U.ANY `(.L_x_0)",VERIFIED,1:N,"verified tcgen05 uniform/election protocol; excluded input predicate, coordinate, and shared-address setup",1:N,1:N,1:N,
01_tcgen05,T13,mma_cg1_bf16,"tcgen05.mma.cta_group::1.kind::f16 [%taddr], %desc_a, %desc_b, %idesc, {%mask0, %mask1, %mask2, %mask3}, %enable;",9,8,80,43,17,6,"IADD3 R0, PT, PT, R0, RZ, RZ | MOV R3, R2 | MOV R2, RZ | SEL R8, RZ, 0x1, !P0 | MOV R9, R4 | MOV R10, R5 | MOV R11, R6 | MOV R12, R7 | MOV R4, R15 | MOV R5, R16 | MOV R4, R4 | MOV R5, R5 | MOV R6, R13 | MOV R7, R14 | MOV R6, R6 | MOV R7, R7 | MOV R0, R0 | MOV R2, R2 | MOV R3, R3 | MOV R8, R8 | MOV R9, R9 | MOV R10, R10 | MOV R11, R11 | MOV R12, R12 | ISETP.NE.AND P0, PT, R8, RZ, PT | R2UR UR4, R4 | R2UR UR5, R5 | R2UR UR6, R6 | R2UR UR7, R7 | R2UR UR8, R2 | R2UR UR9, R3 | R2UR UR12, R9 | R2UR UR13, R10 | R2UR UR14, R11 | R2UR UR15, R12 | VOTEU.ANY UP0, P0 | R2UR UR10, R0 | PLOP3.LUT P1, PT, PT, PT, PT, 0x80, 0x8 | @P1 ELECT P0, URZ, PT | @P0 PLOP3.LUT P1, PT, P0, PT, PT, 0x8, 0x80 | UTCHMMA gdesc[UR4], gdesc[UR6], tmem[UR10], tmem[UR8], idesc[UR9], UR12, UP0 | PLOP3.LUT P0, PT, PT, PT, PT, 0x8, 0x80 | @P1 BRA.U.ANY `(.L_x_0)",30,"MOV R3, R2 | MOV R2, RZ | SEL R8, RZ, 0x1, !P0 | MOV R9, R4 | MOV R10, R5 | MOV R11, R6 | MOV R12, R7 | MOV R4, R15 | MOV R5, R16 | MOV R6, R13 | MOV R7, R14 | ISETP.NE.AND P0, PT, R8, RZ, PT | R2UR UR4, R4 | R2UR UR5, R5 | R2UR UR6, R6 | R2UR UR7, R7 | R2UR UR8, R2 | R2UR UR9, R3 | R2UR UR12, R9 | R2UR UR13, R10 | R2UR UR14, R11 | R2UR UR15, R12 | VOTEU.ANY UP0, P0 | R2UR UR10, R0 | PLOP3.LUT P1, PT, PT, PT, PT, 0x80, 0x8 | @P1 ELECT P0, URZ, PT | @P0 PLOP3.LUT P1, PT, P0, PT, PT, 0x8, 0x80 | UTCHMMA gdesc[UR4], gdesc[UR6], tmem[UR10], tmem[UR8], idesc[UR9], UR12, UP0 | PLOP3.LUT P0, PT, PT, PT, PT, 0x8, 0x80 | @P1 BRA.U.ANY `(.L_x_0)","removed 1 identity IADD3, removed 12 identity MOV",24,11,1,0,"PLOP3.LUT P0, PT, PT, PT, PT, 0x80, 0x8 | LDCU UR6, c[0x0][0x380] | LDCU.64 UR8, c[0x0][0x388] | LDCU.64 UR10, c[0x0][0x390] | UMOV UR4, URZ | UISETP.NE.U32.AND UP0, UPT, UR5, URZ, UPT | @P0 ELECT P1, URZ, PT | UTCHMMA gdesc[UR8], gdesc[UR10], tmem[UR6], tmem[UR4], idesc[UR5], UP0 | @P1 PLOP3.LUT P0, PT, P1, PT, PT, 0x8, 0x80 | PLOP3.LUT P1, PT, PT, PT, PT, 0x8, 0x80 | @P0 BRA.U.ANY `(.L_x_0)",11,"PLOP3.LUT P0, PT, PT, PT, PT, 0x80, 0x8 | LDCU UR6, c[0x0][0x380] | LDCU.64 UR8, c[0x0][0x388] | LDCU.64 UR10, c[0x0][0x390] | UMOV UR4, URZ | UISETP.NE.U32.AND UP0, UPT, UR5, URZ, UPT | @P0 ELECT P1, URZ, PT | UTCHMMA gdesc[UR8], gdesc[UR10], tmem[UR6], tmem[UR4], idesc[UR5], UP0 | @P1 PLOP3.LUT P0, PT, P1, PT, PT, 0x8, 0x80 | PLOP3.LUT P1, PT, PT, PT, PT, 0x8, 0x80 | @P0 BRA.U.ANY `(.L_x_0)",,18,"R2UR UR4, R4 | R2UR UR5, R5 | R2UR UR6, R6 | R2UR UR7, R7 | R2UR UR8, R2 | R2UR UR9, R3 | R2UR UR12, R9 | R2UR UR13, R10 | R2UR UR14, R11 | R2UR UR15, R12 | VOTEU.ANY UP0, P0 | R2UR UR10, R0 | PLOP3.LUT P1, PT, PT, PT, PT, 0x80, 0x8 | @P1 ELECT P0, URZ, PT | @P0 PLOP3.LUT P1, PT, P0, PT, PT, 0x8, 0x80 | UTCHMMA gdesc[UR4], gdesc[UR6], tmem[UR10], tmem[UR8], idesc[UR9], UR12, UP0 | PLOP3.LUT P0, PT, PT, PT, PT, 0x8, 0x80 | @P1 BRA.U.ANY `(.L_x_0)",VERIFIED,1:N,"verified tcgen05 uniform/election protocol; excluded input predicate, coordinate, and shared-address setup",1:N,1:N,1:N,
01_tcgen05,T14,mma_cg1_f8f6f4,"tcgen05.mma.cta_group::1.kind::f8f6f4 [%taddr], %desc_a, %desc_b, %idesc, {%mask0, %mask1, %mask2, %mask3}, %enable;",9,8,80,43,17,6,"IADD3 R0, PT, PT, R0, RZ, RZ | MOV R3, R2 | MOV R2, RZ | SEL R8, RZ, 0x1, !P0 | MOV R9, R4 | MOV R10, R5 | MOV R11, R6 | MOV R12, R7 | MOV R4, R15 | MOV R5, R16 | MOV R4, R4 | MOV R5, R5 | MOV R6, R13 | MOV R7, R14 | MOV R6, R6 | MOV R7, R7 | MOV R0, R0 | MOV R2, R2 | MOV R3, R3 | MOV R8, R8 | MOV R9, R9 | MOV R10, R10 | MOV R11, R11 | MOV R12, R12 | ISETP.NE.AND P0, PT, R8, RZ, PT | R2UR UR4, R4 | R2UR UR5, R5 | R2UR UR6, R6 | R2UR UR7, R7 | R2UR UR8, R2 | R2UR UR9, R3 | R2UR UR12, R9 | R2UR UR13, R10 | R2UR UR14, R11 | R2UR UR15, R12 | VOTEU.ANY UP0, P0 | R2UR UR10, R0 | PLOP3.LUT P1, PT, PT, PT, PT, 0x80, 0x8 | @P1 ELECT P0, URZ, PT | @P0 PLOP3.LUT P1, PT, P0, PT, PT, 0x8, 0x80 | UTCQMMA gdesc[UR4], gdesc[UR6], tmem[UR10], tmem[UR8], idesc[UR9], UR12, UP0 | PLOP3.LUT P0, PT, PT, PT, PT, 0x8, 0x80 | @P1 BRA.U.ANY `(.L_x_0)",30,"MOV R3, R2 | MOV R2, RZ | SEL R8, RZ, 0x1, !P0 | MOV R9, R4 | MOV R10, R5 | MOV R11, R6 | MOV R12, R7 | MOV R4, R15 | MOV R5, R16 | MOV R6, R13 | MOV R7, R14 | ISETP.NE.AND P0, PT, R8, RZ, PT | R2UR UR4, R4 | R2UR UR5, R5 | R2UR UR6, R6 | R2UR UR7, R7 | R2UR UR8, R2 | R2UR UR9, R3 | R2UR UR12, R9 | R2UR UR13, R10 | R2UR UR14, R11 | R2UR UR15, R12 | VOTEU.ANY UP0, P0 | R2UR UR10, R0 | PLOP3.LUT P1, PT, PT, PT, PT, 0x80, 0x8 | @P1 ELECT P0, URZ, PT | @P0 PLOP3.LUT P1, PT, P0, PT, PT, 0x8, 0x80 | UTCQMMA gdesc[UR4], gdesc[UR6], tmem[UR10], tmem[UR8], idesc[UR9], UR12, UP0 | PLOP3.LUT P0, PT, PT, PT, PT, 0x8, 0x80 | @P1 BRA.U.ANY `(.L_x_0)","removed 1 identity IADD3, removed 12 identity MOV",24,11,1,0,"PLOP3.LUT P0, PT, PT, PT, PT, 0x80, 0x8 | LDCU UR6, c[0x0][0x380] | LDCU.64 UR8, c[0x0][0x388] | LDCU.64 UR10, c[0x0][0x390] | UMOV UR4, URZ | UISETP.NE.U32.AND UP0, UPT, UR5, URZ, UPT | @P0 ELECT P1, URZ, PT | UTCQMMA gdesc[UR8], gdesc[UR10], tmem[UR6], tmem[UR4], idesc[UR5], UP0 | @P1 PLOP3.LUT P0, PT, P1, PT, PT, 0x8, 0x80 | PLOP3.LUT P1, PT, PT, PT, PT, 0x8, 0x80 | @P0 BRA.U.ANY `(.L_x_0)",11,"PLOP3.LUT P0, PT, PT, PT, PT, 0x80, 0x8 | LDCU UR6, c[0x0][0x380] | LDCU.64 UR8, c[0x0][0x388] | LDCU.64 UR10, c[0x0][0x390] | UMOV UR4, URZ | UISETP.NE.U32.AND UP0, UPT, UR5, URZ, UPT | @P0 ELECT P1, URZ, PT | UTCQMMA gdesc[UR8], gdesc[UR10], tmem[UR6], tmem[UR4], idesc[UR5], UP0 | @P1 PLOP3.LUT P0, PT, P1, PT, PT, 0x8, 0x80 | PLOP3.LUT P1, PT, PT, PT, PT, 0x8, 0x80 | @P0 BRA.U.ANY `(.L_x_0)",,18,"R2UR UR4, R4 | R2UR UR5, R5 | R2UR UR6, R6 | R2UR UR7, R7 | R2UR UR8, R2 | R2UR UR9, R3 | R2UR UR12, R9 | R2UR UR13, R10 | R2UR UR14, R11 | R2UR UR15, R12 | VOTEU.ANY UP0, P0 | R2UR UR10, R0 | PLOP3.LUT P1, PT, PT, PT, PT, 0x80, 0x8 | @P1 ELECT P0, URZ, PT | @P0 PLOP3.LUT P1, PT, P0, PT, PT, 0x8, 0x80 | UTCQMMA gdesc[UR4], gdesc[UR6], tmem[UR10], tmem[UR8], idesc[UR9], UR12, UP0 | PLOP3.LUT P0, PT, PT, PT, PT, 0x8, 0x80 | @P1 BRA.U.ANY `(.L_x_0)",VERIFIED,1:N,"verified tcgen05 uniform/election protocol; excluded input predicate, coordinate, and shared-address setup",1:N,1:N,1:N,
01_tcgen05,T15,mma_cg1_i8,"tcgen05.mma.cta_group::1.kind::i8 [%taddr], %desc_a, %desc_b, %idesc, {%mask0, %mask1, %mask2, %mask3}, %enable;",9,8,80,43,17,6,"IADD3 R0, PT, PT, R0, RZ, RZ | MOV R3, R2 | MOV R2, RZ | SEL R8, RZ, 0x1, !P0 | MOV R9, R4 | MOV R10, R5 | MOV R11, R6 | MOV R12, R7 | MOV R4, R15 | MOV R5, R16 | MOV R4, R4 | MOV R5, R5 | MOV R6, R13 | MOV R7, R14 | MOV R6, R6 | MOV R7, R7 | MOV R0, R0 | MOV R2, R2 | MOV R3, R3 | MOV R8, R8 | MOV R9, R9 | MOV R10, R10 | MOV R11, R11 | MOV R12, R12 | ISETP.NE.AND P0, PT, R8, RZ, PT | R2UR UR4, R4 | R2UR UR5, R5 | R2UR UR6, R6 | R2UR UR7, R7 | R2UR UR8, R2 | R2UR UR9, R3 | R2UR UR12, R9 | R2UR UR13, R10 | R2UR UR14, R11 | R2UR UR15, R12 | VOTEU.ANY UP0, P0 | R2UR UR10, R0 | PLOP3.LUT P1, PT, PT, PT, PT, 0x80, 0x8 | @P1 ELECT P0, URZ, PT | @P0 PLOP3.LUT P1, PT, P0, PT, PT, 0x8, 0x80 | UTCIMMA gdesc[UR4], gdesc[UR6], tmem[UR10], tmem[UR8], idesc[UR9], UR12, UP0 | PLOP3.LUT P0, PT, PT, PT, PT, 0x8, 0x80 | @P1 BRA.U.ANY `(.L_x_0)",30,"MOV R3, R2 | MOV R2, RZ | SEL R8, RZ, 0x1, !P0 | MOV R9, R4 | MOV R10, R5 | MOV R11, R6 | MOV R12, R7 | MOV R4, R15 | MOV R5, R16 | MOV R6, R13 | MOV R7, R14 | ISETP.NE.AND P0, PT, R8, RZ, PT | R2UR UR4, R4 | R2UR UR5, R5 | R2UR UR6, R6 | R2UR UR7, R7 | R2UR UR8, R2 | R2UR UR9, R3 | R2UR UR12, R9 | R2UR UR13, R10 | R2UR UR14, R11 | R2UR UR15, R12 | VOTEU.ANY UP0, P0 | R2UR UR10, R0 | PLOP3.LUT P1, PT, PT, PT, PT, 0x80, 0x8 | @P1 ELECT P0, URZ, PT | @P0 PLOP3.LUT P1, PT, P0, PT, PT, 0x8, 0x80 | UTCIMMA gdesc[UR4], gdesc[UR6], tmem[UR10], tmem[UR8], idesc[UR9], UR12, UP0 | PLOP3.LUT P0, PT, PT, PT, PT, 0x8, 0x80 | @P1 BRA.U.ANY `(.L_x_0)","removed 1 identity IADD3, removed 12 identity MOV",24,11,1,0,"PLOP3.LUT P0, PT, PT, PT, PT, 0x80, 0x8 | LDCU UR6, c[0x0][0x380] | LDCU.64 UR8, c[0x0][0x388] | LDCU.64 UR10, c[0x0][0x390] | UMOV UR4, URZ | UISETP.NE.U32.AND UP0, UPT, UR5, URZ, UPT | @P0 ELECT P1, URZ, PT | UTCIMMA gdesc[UR8], gdesc[UR10], tmem[UR6], tmem[UR4], idesc[UR5], UP0 | @P1 PLOP3.LUT P0, PT, P1, PT, PT, 0x8, 0x80 | PLOP3.LUT P1, PT, PT, PT, PT, 0x8, 0x80 | @P0 BRA.U.ANY `(.L_x_0)",11,"PLOP3.LUT P0, PT, PT, PT, PT, 0x80, 0x8 | LDCU UR6, c[0x0][0x380] | LDCU.64 UR8, c[0x0][0x388] | LDCU.64 UR10, c[0x0][0x390] | UMOV UR4, URZ | UISETP.NE.U32.AND UP0, UPT, UR5, URZ, UPT | @P0 ELECT P1, URZ, PT | UTCIMMA gdesc[UR8], gdesc[UR10], tmem[UR6], tmem[UR4], idesc[UR5], UP0 | @P1 PLOP3.LUT P0, PT, P1, PT, PT, 0x8, 0x80 | PLOP3.LUT P1, PT, PT, PT, PT, 0x8, 0x80 | @P0 BRA.U.ANY `(.L_x_0)",,18,"R2UR UR4, R4 | R2UR UR5, R5 | R2UR UR6, R6 | R2UR UR7, R7 | R2UR UR8, R2 | R2UR UR9, R3 | R2UR UR12, R9 | R2UR UR13, R10 | R2UR UR14, R11 | R2UR UR15, R12 | VOTEU.ANY UP0, P0 | R2UR UR10, R0 | PLOP3.LUT P1, PT, PT, PT, PT, 0x80, 0x8 | @P1 ELECT P0, URZ, PT | @P0 PLOP3.LUT P1, PT, P0, PT, PT, 0x8, 0x80 | UTCIMMA gdesc[UR4], gdesc[UR6], tmem[UR10], tmem[UR8], idesc[UR9], UR12, UP0 | PLOP3.LUT P0, PT, PT, PT, PT, 0x8, 0x80 | @P1 BRA.U.ANY `(.L_x_0)",VERIFIED,1:N,"verified tcgen05 uniform/election protocol; excluded input predicate, coordinate, and shared-address setup",1:N,1:N,1:N,
02_tma,M01,load_2d,"cp.async.bulk.tensor.2d.shared::cta.global.mbarrier::complete_tx::bytes [smem_buf], [%desc, {%c0, %c1}], [smem_mbar];",3,3,48,26,8,3,"MOV R0, 0x400 | IADD3 R0, PT, PT, RZ, R0, RZ | S2R R2, SR_CgaCtaId | LEA R0, R2, R0, 0x18 | MOV R0, R0 | MOV R2, R3 | MOV R3, R4 | MOV R2, R2 | MOV R3, R3 | MOV R4, 0x400 | IADD3 R4, PT, PT, R4, 0x400, RZ | S2R R5, SR_CgaCtaId | LEA R4, R5, R4, 0x18 | MOV R4, R4 | R2UR UR10, R6 | R2UR UR11, R7 | R2UR UR4, R2 | R2UR UR5, R3 | R2UR UR9, R4 | R2UR UR8, R0 | PLOP3.LUT P1, PT, PT, PT, PT, 0x80, 0x8 | @P1 ELECT P0, URZ, PT | @P0 PLOP3.LUT P1, PT, P0, PT, PT, 0x8, 0x80 | UTMALDG.2D [UR8], [UR4] | PLOP3.LUT P0, PT, PT, PT, PT, 0x8, 0x80 | @P1 BRA.U.ANY `(.L_x_0)",21,"MOV R0, 0x400 | S2R R2, SR_CgaCtaId | LEA R0, R2, R0, 0x18 | MOV R2, R3 | MOV R3, R4 | MOV R4, 0x400 | IADD3 R4, PT, PT, R4, 0x400, RZ | S2R R5, SR_CgaCtaId | LEA R4, R5, R4, 0x18 | R2UR UR10, R6 | R2UR UR11, R7 | R2UR UR4, R2 | R2UR UR5, R3 | R2UR UR9, R4 | R2UR UR8, R0 | PLOP3.LUT P1, PT, PT, PT, PT, 0x80, 0x8 | @P1 ELECT P0, URZ, PT | @P0 PLOP3.LUT P1, PT, P0, PT, PT, 0x8, 0x80 | UTMALDG.2D [UR8], [UR4] | PLOP3.LUT P0, PT, PT, PT, PT, 0x8, 0x80 | @P1 BRA.U.ANY `(.L_x_0)","removed 1 identity IADD3, removed 4 identity MOV",32,14,1,0,"S2UR UR6, SR_CgaCtaId | UMOV UR4, 0x400 | PLOP3.LUT P0, PT, PT, PT, PT, 0x80, 0x8 | UIADD3 UR5, UPT, UPT, UR4, 0x400, URZ | LDCU.64 UR8, c[0x0][0x380] | UMOV UR7, URZ | ULEA UR4, UR6, UR4, 0x18 | ULEA UR5, UR6, UR5, 0x18 | UMOV UR6, URZ | @P0 ELECT P1, URZ, PT | UTMALDG.2D [UR4], [UR8] | @P1 PLOP3.LUT P0, PT, P1, PT, PT, 0x8, 0x80 | PLOP3.LUT P1, PT, PT, PT, PT, 0x8, 0x80 | @P0 BRA.U.ANY `(.L_x_0)",14,"S2UR UR6, SR_CgaCtaId | UMOV UR4, 0x400 | PLOP3.LUT P0, PT, PT, PT, PT, 0x80, 0x8 | UIADD3 UR5, UPT, UPT, UR4, 0x400, URZ | LDCU.64 UR8, c[0x0][0x380] | UMOV UR7, URZ | ULEA UR4, UR6, UR4, 0x18 | ULEA UR5, UR6, UR5, 0x18 | UMOV UR6, URZ | @P0 ELECT P1, URZ, PT | UTMALDG.2D [UR4], [UR8] | @P1 PLOP3.LUT P0, PT, P1, PT, PT, 0x8, 0x80 | PLOP3.LUT P1, PT, PT, PT, PT, 0x8, 0x80 | @P0 BRA.U.ANY `(.L_x_0)",,12,"R2UR UR10, R6 | R2UR UR11, R7 | R2UR UR4, R2 | R2UR UR5, R3 | R2UR UR9, R4 | R2UR UR8, R0 | PLOP3.LUT P1, PT, PT, PT, PT, 0x80, 0x8 | @P1 ELECT P0, URZ, PT | @P0 PLOP3.LUT P1, PT, P0, PT, PT, 0x8, 0x80 | UTMALDG.2D [UR8], [UR4] | PLOP3.LUT P0, PT, PT, PT, PT, 0x8, 0x80 | @P1 BRA.U.ANY `(.L_x_0)",VERIFIED,1:N,verified TMA uniform/election protocol; excluded shared-address and coordinate setup,1:N,1:N,1:N,
02_tma,M02,load_3d,"cp.async.bulk.tensor.3d.shared::cta.global.mbarrier::complete_tx::bytes [smem_buf], [%desc, {%c0, %c1, %c2}], [smem_mbar];",4,4,48,27,9,3,"MOV R0, 0x400 | IADD3 R0, PT, PT, RZ, R0, RZ | S2R R2, SR_CgaCtaId | LEA R0, R2, R0, 0x18 | MOV R0, R0 | MOV R2, R3 | MOV R3, R4 | MOV R2, R2 | MOV R3, R3 | MOV R4, 0x400 | IADD3 R4, PT, PT, R4, 0x400, RZ | S2R R5, SR_CgaCtaId | LEA R4, R5, R4, 0x18 | MOV R4, R4 | R2UR UR10, R6 | R2UR UR11, R7 | R2UR UR12, R8 | R2UR UR4, R2 | R2UR UR5, R3 | R2UR UR9, R4 | R2UR UR8, R0 | PLOP3.LUT P1, PT, PT, PT, PT, 0x80, 0x8 | @P1 ELECT P0, URZ, PT | @P0 PLOP3.LUT P1, PT, P0, PT, PT, 0x8, 0x80 | UTMALDG.3D [UR8], [UR4] | PLOP3.LUT P0, PT, PT, PT, PT, 0x8, 0x80 | @P1 BRA.U.ANY `(.L_x_0)",22,"MOV R0, 0x400 | S2R R2, SR_CgaCtaId | LEA R0, R2, R0, 0x18 | MOV R2, R3 | MOV R3, R4 | MOV R4, 0x400 | IADD3 R4, PT, PT, R4, 0x400, RZ | S2R R5, SR_CgaCtaId | LEA R4, R5, R4, 0x18 | R2UR UR10, R6 | R2UR UR11, R7 | R2UR UR12, R8 | R2UR UR4, R2 | R2UR UR5, R3 | R2UR UR9, R4 | R2UR UR8, R0 | PLOP3.LUT P1, PT, PT, PT, PT, 0x80, 0x8 | @P1 ELECT P0, URZ, PT | @P0 PLOP3.LUT P1, PT, P0, PT, PT, 0x8, 0x80 | UTMALDG.3D [UR8], [UR4] | PLOP3.LUT P0, PT, PT, PT, PT, 0x8, 0x80 | @P1 BRA.U.ANY `(.L_x_0)","removed 1 identity IADD3, removed 4 identity MOV",32,15,1,0,"S2UR UR4, SR_CgaCtaId | UMOV UR8, 0x400 | PLOP3.LUT P0, PT, PT, PT, PT, 0x80, 0x8 | UIADD3 UR9, UPT, UPT, UR8, 0x400, URZ | LDCU.64 UR6, c[0x0][0x380] | UMOV UR10, URZ | UMOV UR11, URZ | UMOV UR12, URZ | ULEA UR8, UR4, UR8, 0x18 | ULEA UR9, UR4, UR9, 0x18 | @P0 ELECT P1, URZ, PT | UTMALDG.3D [UR8], [UR6] | @P1 PLOP3.LUT P0, PT, P1, PT, PT, 0x8, 0x80 | PLOP3.LUT P1, PT, PT, PT, PT, 0x8, 0x80 | @P0 BRA.U.ANY `(.L_x_0)",15,"S2UR UR4, SR_CgaCtaId | UMOV UR8, 0x400 | PLOP3.LUT P0, PT, PT, PT, PT, 0x80, 0x8 | UIADD3 UR9, UPT, UPT, UR8, 0x400, URZ | LDCU.64 UR6, c[0x0][0x380] | UMOV UR10, URZ | UMOV UR11, URZ | UMOV UR12, URZ | ULEA UR8, UR4, UR8, 0x18 | ULEA UR9, UR4, UR9, 0x18 | @P0 ELECT P1, URZ, PT | UTMALDG.3D [UR8], [UR6] | @P1 PLOP3.LUT P0, PT, P1, PT, PT, 0x8, 0x80 | PLOP3.LUT P1, PT, PT, PT, PT, 0x8, 0x80 | @P0 BRA.U.ANY `(.L_x_0)",,13,"R2UR UR10, R6 | R2UR UR11, R7 | R2UR UR12, R8 | R2UR UR4, R2 | R2UR UR5, R3 | R2UR UR9, R4 | R2UR UR8, R0 | PLOP3.LUT P1, PT, PT, PT, PT, 0x80, 0x8 | @P1 ELECT P0, URZ, PT | @P0 PLOP3.LUT P1, PT, P0, PT, PT, 0x8, 0x80 | UTMALDG.3D [UR8], [UR4] | PLOP3.LUT P0, PT, PT, PT, PT, 0x8, 0x80 | @P1 BRA.U.ANY `(.L_x_0)",VERIFIED,1:N,verified TMA uniform/election protocol; excluded shared-address and coordinate setup,1:N,1:N,1:N,
02_tma,M03,load_2d_mc,"cp.async.bulk.tensor.2d.shared::cluster.global.mbarrier::complete_tx::bytes.multicast::cluster [smem_buf], [%desc, {%c0, %c1}], [smem_mbar], %mask;",4,4,56,28,9,3,"MOV R2, 0x400 | IADD3 R2, PT, PT, RZ, R2, RZ | S2R R3, SR_CgaCtaId | LEA R2, R3, R2, 0x18 | MOV R4, R2 | MOV R2, R5 | MOV R3, R6 | MOV R2, R2 | MOV R3, R3 | MOV R5, 0x400 | IADD3 R5, PT, PT, R5, 0x400, RZ | S2R R6, SR_CgaCtaId | LEA R5, R6, R5, 0x18 | MOV R5, R5 | PRMT R0, RZ, 0x5410, R0 | R2UR UR10, R7 | R2UR UR11, R8 | R2UR UR4, R0 | R2UR UR6, R2 | R2UR UR7, R3 | R2UR UR9, R5 | R2UR UR8, R4 | PLOP3.LUT P1, PT, PT, PT, PT, 0x80, 0x8 | @P1 ELECT P0, URZ, PT | @P0 PLOP3.LUT P1, PT, P0, PT, PT, 0x8, 0x80 | UTMALDG.2D.MULTICAST [UR8], [UR6], UR4 | PLOP3.LUT P0, PT, PT, PT, PT, 0x8, 0x80 | @P1 BRA.U.ANY `(.L_x_0)",24,"MOV R2, 0x400 | S2R R3, SR_CgaCtaId | LEA R2, R3, R2, 0x18 | MOV R4, R2 | MOV R2, R5 | MOV R3, R6 | MOV R5, 0x400 | IADD3 R5, PT, PT, R5, 0x400, RZ | S2R R6, SR_CgaCtaId | LEA R5, R6, R5, 0x18 | PRMT R0, RZ, 0x5410, R0 | R2UR UR10, R7 | R2UR UR11, R8 | R2UR UR4, R0 | R2UR UR6, R2 | R2UR UR7, R3 | R2UR UR9, R5 | R2UR UR8, R4 | PLOP3.LUT P1, PT, PT, PT, PT, 0x80, 0x8 | @P1 ELECT P0, URZ, PT | @P0 PLOP3.LUT P1, PT, P0, PT, PT, 0x8, 0x80 | UTMALDG.2D.MULTICAST [UR8], [UR6], UR4 | PLOP3.LUT P0, PT, PT, PT, PT, 0x8, 0x80 | @P1 BRA.U.ANY `(.L_x_0)","removed 1 identity IADD3, removed 3 identity MOV",32,16,1,0,"S2UR UR6, SR_CgaCtaId | LDCU.U16 UR8, c[0x0][0x388] | PLOP3.LUT P0, PT, PT, PT, PT, 0x80, 0x8 | UMOV UR4, 0x400 | LDCU.64 UR10, c[0x0][0x380] | UIADD3 UR5, UPT, UPT, UR4, 0x400, URZ | UMOV UR7, URZ | UPRMT UR8, URZ, 0x5410, UR8 | ULEA UR4, UR6, UR4, 0x18 | ULEA UR5, UR6, UR5, 0x18 | UMOV UR6, URZ | @P0 ELECT P1, URZ, PT | UTMALDG.2D.MULTICAST [UR4], [UR10], UR8 | @P1 PLOP3.LUT P0, PT, P1, PT, PT, 0x8, 0x80 | PLOP3.LUT P1, PT, PT, PT, PT, 0x8, 0x80 | @P0 BRA.U.ANY `(.L_x_0)",16,"S2UR UR6, SR_CgaCtaId | LDCU.U16 UR8, c[0x0][0x388] | PLOP3.LUT P0, PT, PT, PT, PT, 0x80, 0x8 | UMOV UR4, 0x400 | LDCU.64 UR10, c[0x0][0x380] | UIADD3 UR5, UPT, UPT, UR4, 0x400, URZ | UMOV UR7, URZ | UPRMT UR8, URZ, 0x5410, UR8 | ULEA UR4, UR6, UR4, 0x18 | ULEA UR5, UR6, UR5, 0x18 | UMOV UR6, URZ | @P0 ELECT P1, URZ, PT | UTMALDG.2D.MULTICAST [UR4], [UR10], UR8 | @P1 PLOP3.LUT P0, PT, P1, PT, PT, 0x8, 0x80 | PLOP3.LUT P1, PT, PT, PT, PT, 0x8, 0x80 | @P0 BRA.U.ANY `(.L_x_0)",,13,"R2UR UR10, R7 | R2UR UR11, R8 | R2UR UR4, R0 | R2UR UR6, R2 | R2UR UR7, R3 | R2UR UR9, R5 | R2UR UR8, R4 | PLOP3.LUT P1, PT, PT, PT, PT, 0x80, 0x8 | @P1 ELECT P0, URZ, PT | @P0 PLOP3.LUT P1, PT, P0, PT, PT, 0x8, 0x80 | UTMALDG.2D.MULTICAST [UR8], [UR6], UR4 | PLOP3.LUT P0, PT, PT, PT, PT, 0x8, 0x80 | @P1 BRA.U.ANY `(.L_x_0)",VERIFIED,1:N,verified TMA uniform/election protocol; excluded shared-address and coordinate setup,1:N,1:N,1:N,
02_tma,M04,store_2d,"cp.async.bulk.tensor.2d.global.shared::cta.bulk_group [%desc, {%c0, %c1}], [smem_buf];",3,3,40,15,7,2,"MOV R0, 0x400 | IADD3 R0, PT, PT, RZ, R0, RZ | S2R R2, SR_CgaCtaId | LEA R0, R2, R0, 0x18 | MOV R0, R0 | MOV R2, R3 | MOV R3, R4 | MOV R2, R2 | MOV R3, R3 | R2UR UR9, R5 | R2UR UR10, R6 | R2UR UR4, R2 | R2UR UR5, R3 | R2UR UR8, R0 | UTMASTG.2D [UR8], [UR4]",11,"MOV R0, 0x400 | S2R R2, SR_CgaCtaId | LEA R0, R2, R0, 0x18 | MOV R2, R3 | MOV R3, R4 | R2UR UR9, R5 | R2UR UR10, R6 | R2UR UR4, R2 | R2UR UR5, R3 | R2UR UR8, R0 | UTMASTG.2D [UR8], [UR4]","removed 1 identity IADD3, removed 3 identity MOV",24,7,1,0,"S2UR UR5, SR_CgaCtaId | LDCU.64 UR8, c[0x0][0x380] | UMOV UR4, 0x400 | UMOV UR6, URZ | ULEA UR4, UR5, UR4, 0x18 | UMOV UR5, URZ | UTMASTG.2D [UR4], [UR8]",7,"S2UR UR5, SR_CgaCtaId | LDCU.64 UR8, c[0x0][0x380] | UMOV UR4, 0x400 | UMOV UR6, URZ | ULEA UR4, UR5, UR4, 0x18 | UMOV UR5, URZ | UTMASTG.2D [UR4], [UR8]",,6,"R2UR UR9, R5 | R2UR UR10, R6 | R2UR UR4, R2 | R2UR UR5, R3 | R2UR UR8, R0 | UTMASTG.2D [UR8], [UR4]",VERIFIED,1:N,verified TMA uniform/election protocol; excluded shared-address and coordinate setup,1:N,1:N,1:N,
02_tma,M05,reduce_add_2d,"cp.reduce.async.bulk.tensor.2d.global.shared::cta.add.bulk_group [%desc, {%c0, %c1}], [smem_buf];",3,3,40,20,7,2,"MOV R0, 0x400 | IADD3 R0, PT, PT, RZ, R0, RZ | S2R R2, SR_CgaCtaId | LEA R0, R2, R0, 0x18 | MOV R0, R0 | MOV R2, R3 | MOV R3, R4 | MOV R2, R2 | MOV R3, R3 | R2UR UR9, R5 | R2UR UR10, R6 | R2UR UR4, R2 | R2UR UR5, R3 | R2UR UR8, R0 | PLOP3.LUT P1, PT, PT, PT, PT, 0x80, 0x8 | @P1 ELECT P0, URZ, PT | @P0 PLOP3.LUT P1, PT, P0, PT, PT, 0x8, 0x80 | UTMAREDG.2D.ADD [UR8], [UR4] | PLOP3.LUT P0, PT, PT, PT, PT, 0x8, 0x80 | @P1 BRA.U.ANY `(.L_x_0)",16,"MOV R0, 0x400 | S2R R2, SR_CgaCtaId | LEA R0, R2, R0, 0x18 | MOV R2, R3 | MOV R3, R4 | R2UR UR9, R5 | R2UR UR10, R6 | R2UR UR4, R2 | R2UR UR5, R3 | R2UR UR8, R0 | PLOP3.LUT P1, PT, PT, PT, PT, 0x80, 0x8 | @P1 ELECT P0, URZ, PT | @P0 PLOP3.LUT P1, PT, P0, PT, PT, 0x8, 0x80 | UTMAREDG.2D.ADD [UR8], [UR4] | PLOP3.LUT P0, PT, PT, PT, PT, 0x8, 0x80 | @P1 BRA.U.ANY `(.L_x_0)","removed 1 identity IADD3, removed 3 identity MOV",24,12,1,0,"S2UR UR5, SR_CgaCtaId | UMOV UR4, 0x400 | PLOP3.LUT P0, PT, PT, PT, PT, 0x80, 0x8 | LDCU.64 UR8, c[0x0][0x380] | UMOV UR6, URZ | ULEA UR4, UR5, UR4, 0x18 | UMOV UR5, URZ | @P0 ELECT P1, URZ, PT | UTMAREDG.2D.ADD [UR4], [UR8] | @P1 PLOP3.LUT P0, PT, P1, PT, PT, 0x8, 0x80 | PLOP3.LUT P1, PT, PT, PT, PT, 0x8, 0x80 | @P0 BRA.U.ANY `(.L_x_0)",12,"S2UR UR5, SR_CgaCtaId | UMOV UR4, 0x400 | PLOP3.LUT P0, PT, PT, PT, PT, 0x80, 0x8 | LDCU.64 UR8, c[0x0][0x380] | UMOV UR6, URZ | ULEA UR4, UR5, UR4, 0x18 | UMOV UR5, URZ | @P0 ELECT P1, URZ, PT | UTMAREDG.2D.ADD [UR4], [UR8] | @P1 PLOP3.LUT P0, PT, P1, PT, PT, 0x8, 0x80 | PLOP3.LUT P1, PT, PT, PT, PT, 0x8, 0x80 | @P0 BRA.U.ANY `(.L_x_0)",,11,"R2UR UR9, R5 | R2UR UR10, R6 | R2UR UR4, R2 | R2UR UR5, R3 | R2UR UR8, R0 | PLOP3.LUT P1, PT, PT, PT, PT, 0x80, 0x8 | @P1 ELECT P0, URZ, PT | @P0 PLOP3.LUT P1, PT, P0, PT, PT, 0x8, 0x80 | UTMAREDG.2D.ADD [UR8], [UR4] | PLOP3.LUT P0, PT, PT, PT, PT, 0x8, 0x80 | @P1 BRA.U.ANY `(.L_x_0)",VERIFIED,1:N,verified TMA uniform/election protocol; excluded shared-address and coordinate setup,1:N,1:N,1:N,
02_tma,M06,prefetch_2d,"cp.async.bulk.prefetch.tensor.2d.L2.global [%desc, {%c0, %c1}];",3,3,32,9,5,0,"MOV R2, R2 | MOV R3, R3 | MOV R2, R2 | MOV R3, R3 | R2UR UR4, R0 | R2UR UR5, R4 | R2UR UR6, R2 | R2UR UR7, R3 | UTMAPF.L2.2D [UR4], [UR6]",5,"R2UR UR4, R0 | R2UR UR5, R4 | R2UR UR6, R2 | R2UR UR7, R3 | UTMAPF.L2.2D [UR4], [UR6]",removed 4 identity MOV,16,4,1,0,"LDCU.64 UR6, c[0x0][0x380] | UMOV UR4, URZ | UMOV UR5, URZ | UTMAPF.L2.2D [UR4], [UR6]",4,"LDCU.64 UR6, c[0x0][0x380] | UMOV UR4, URZ | UMOV UR5, URZ | UTMAPF.L2.2D [UR4], [UR6]",,5,"R2UR UR4, R0 | R2UR UR5, R4 | R2UR UR6, R2 | R2UR UR7, R3 | UTMAPF.L2.2D [UR4], [UR6]",VERIFIED,1:N,verified TMA uniform/election protocol; excluded shared-address and coordinate setup,1:N,1:N,1:N,
02_tma,M07,commit_group,cp.async.bulk.commit_group;,0,0,16,1,1,0,UTMACMDFLUSH,1,UTMACMDFLUSH,,16,1,1,0,UTMACMDFLUSH,1,UTMACMDFLUSH,,1,UTMACMDFLUSH,VERIFIED,1:1,verified TMA uniform/election protocol; excluded shared-address and coordinate setup,1:1,1:1,1:1,
02_tma,M08,cp_async_ca,"cp.async.ca.shared.global [smem_data], [%gaddr], 4;",1,1,40,15,7,4,"MOV R0, 0x400 | IADD3 R0, PT, PT, RZ, R0, RZ | S2R R2, SR_CgaCtaId | LEA R0, R2, R0, 0x18 | MOV R0, R0 | MOV R2, R3 | MOV R3, R4 | MOV R2, R2 | MOV R3, R3 | R2UR UR4, R6 | R2UR UR5, R7 | @!PT LDS RZ, [RZ] | @!PT LDS RZ, [RZ] | @!PT LDS RZ, [RZ] | LDGSTS.E [R0], desc[UR4][R2.64]",11,"MOV R0, 0x400 | S2R R2, SR_CgaCtaId | LEA R0, R2, R0, 0x18 | MOV R2, R3 | MOV R3, R4 | R2UR UR4, R6 | R2UR UR5, R7 | @!PT LDS RZ, [RZ] | @!PT LDS RZ, [RZ] | @!PT LDS RZ, [RZ] | LDGSTS.E [R0], desc[UR4][R2.64]","removed 1 identity IADD3, removed 3 identity MOV",24,9,4,1,"S2R R5, SR_CgaCtaId | LDC.64 R2, c[0x0][0x380] | LDCU.64 UR4, c[0x0][0x358] | MOV R0, 0x400 | LEA R5, R5, R0, 0x18 | @!PT LDS RZ, [RZ] | @!PT LDS RZ, [RZ] | @!PT LDS RZ, [RZ] | LDGSTS.E [R5], desc[UR4][R2.64]",9,"S2R R5, SR_CgaCtaId | LDC.64 R2, c[0x0][0x380] | LDCU.64 UR4, c[0x0][0x358] | MOV R0, 0x400 | LEA R5, R5, R0, 0x18 | @!PT LDS RZ, [RZ] | @!PT LDS RZ, [RZ] | @!PT LDS RZ, [RZ] | LDGSTS.E [R5], desc[UR4][R2.64]",,3,"R2UR UR4, R6 | R2UR UR5, R7 | LDGSTS.E [R0], desc[UR4][R2.64]",VERIFIED,1:N,verified TMA uniform/election protocol; excluded shared-address and coordinate setup,1:N,1:N,1:N,
02_tma,M09,cp_async_cg,"cp.async.cg.shared.global [smem_data16], [%gaddr], 16;",1,1,40,15,7,4,"MOV R0, 0x400 | IADD3 R0, PT, PT, RZ, R0, RZ | S2R R2, SR_CgaCtaId | LEA R0, R2, R0, 0x18 | MOV R0, R0 | MOV R2, R3 | MOV R3, R4 | MOV R2, R2 | MOV R3, R3 | R2UR UR4, R6 | R2UR UR5, R7 | @!PT LDS RZ, [RZ] | @!PT LDS RZ, [RZ] | @!PT LDS RZ, [RZ] | LDGSTS.E.BYPASS.128 [R0], desc[UR4][R2.64]",11,"MOV R0, 0x400 | S2R R2, SR_CgaCtaId | LEA R0, R2, R0, 0x18 | MOV R2, R3 | MOV R3, R4 | R2UR UR4, R6 | R2UR UR5, R7 | @!PT LDS RZ, [RZ] | @!PT LDS RZ, [RZ] | @!PT LDS RZ, [RZ] | LDGSTS.E.BYPASS.128 [R0], desc[UR4][R2.64]","removed 1 identity IADD3, removed 3 identity MOV",24,9,4,1,"S2R R5, SR_CgaCtaId | LDC.64 R2, c[0x0][0x380] | LDCU.64 UR4, c[0x0][0x358] | MOV R0, 0x400 | LEA R5, R5, R0, 0x18 | @!PT LDS RZ, [RZ] | @!PT LDS RZ, [RZ] | @!PT LDS RZ, [RZ] | LDGSTS.E.BYPASS.128 [R5], desc[UR4][R2.64]",9,"S2R R5, SR_CgaCtaId | LDC.64 R2, c[0x0][0x380] | LDCU.64 UR4, c[0x0][0x358] | MOV R0, 0x400 | LEA R5, R5, R0, 0x18 | @!PT LDS RZ, [RZ] | @!PT LDS RZ, [RZ] | @!PT LDS RZ, [RZ] | LDGSTS.E.BYPASS.128 [R5], desc[UR4][R2.64]",,3,"R2UR UR4, R6 | R2UR UR5, R7 | LDGSTS.E.BYPASS.128 [R0], desc[UR4][R2.64]",VERIFIED,1:N,verified TMA uniform/election protocol; excluded shared-address and coordinate setup,1:N,1:N,1:N,
02_tma,M10,cp_async_wait,cp.async.wait_group 0;,0,0,16,1,1,0,"DEPBAR.LE SB0, 0x0",1,"DEPBAR.LE SB0, 0x0",,16,1,1,0,"DEPBAR.LE SB0, 0x0",1,"DEPBAR.LE SB0, 0x0",,1,"DEPBAR.LE SB0, 0x0",VERIFIED,1:1,verified TMA uniform/election protocol; excluded shared-address and coordinate setup,1:1,1:1,1:1,
03_mbarrier,B01,init,"mbarrier.init.shared::cta.b64 [smem_mbar], %count;",1,1,32,15,6,4,"MOV R2, 0x400 | IADD3 R2, PT, PT, RZ, R2, RZ | S2R R3, SR_CgaCtaId | LEA R2, R3, R2, 0x18 | MOV R2, R2 | R2UR UR4, R0 | UIADD3 UR4, UPT, UPT, -UR4, 0x100000, URZ | USHF.L.U32 UR5, UR4, 0xb, URZ | USHF.L.U32 UR4, UR4, 0x1, URZ | MOV R4, UR4 | MOV R5, UR5 | R2UR UR4, R4 | R2UR UR5, R5 | R2UR UR6, R2 | SYNCS.EXCH.64 URZ, [UR6], UR4",13,"MOV R2, 0x400 | S2R R3, SR_CgaCtaId | LEA R2, R3, R2, 0x18 | R2UR UR4, R0 | UIADD3 UR4, UPT, UPT, -UR4, 0x100000, URZ | USHF.L.U32 UR5, UR4, 0xb, URZ | USHF.L.U32 UR4, UR4, 0x1, URZ | MOV R4, UR4 | MOV R5, UR5 | R2UR UR4, R4 | R2UR UR5, R5 | R2UR UR6, R2 | SYNCS.EXCH.64 URZ, [UR6], UR4","removed 1 identity IADD3, removed 1 identity MOV",24,8,1,0,"S2UR UR6, SR_CgaCtaId | LDCU UR5, c[0x0][0x380] | UMOV UR4, 0x400 | ULEA UR6, UR6, UR4, 0x18 | UIADD3 UR4, UPT, UPT, -UR5, 0x100000, URZ | USHF.L.U32 UR5, UR4, 0xb, URZ | USHF.L.U32 UR4, UR4, 0x1, URZ | SYNCS.EXCH.64 URZ, [UR6], UR4",8,"S2UR UR6, SR_CgaCtaId | LDCU UR5, c[0x0][0x380] | UMOV UR4, 0x400 | ULEA UR6, UR6, UR4, 0x18 | UIADD3 UR4, UPT, UPT, -UR5, 0x100000, URZ | USHF.L.U32 UR5, UR4, 0xb, URZ | USHF.L.U32 UR4, UR4, 0x1, URZ | SYNCS.EXCH.64 URZ, [UR6], UR4",,1,"SYNCS.EXCH.64 URZ, [UR6], UR4",VERIFIED,1:1,verified SYNCS execution opcode; excluded shared-address and operand encoding,1:N,1:N,1:1,
03_mbarrier,B02,arrive,"mbarrier.arrive.shared::cta.b64 %state, [smem_mbar];",1,0,32,6,7,4,"MOV R0, 0x400 | IADD3 R0, PT, PT, RZ, R0, RZ | S2R R2, SR_CgaCtaId | LEA R0, R2, R0, 0x18 | MOV R0, R0 | SYNCS.ARRIVE.TRANS64.A1T0 R2, [R0+URZ], RZ",4,"MOV R0, 0x400 | S2R R2, SR_CgaCtaId | LEA R0, R2, R0, 0x18 | SYNCS.ARRIVE.TRANS64.A1T0 R2, [R0+URZ], RZ","removed 1 identity IADD3, removed 1 identity MOV",24,5,3,0,"S2UR UR5, SR_CgaCtaId | UMOV UR4, 0x400 | ULEA UR4, UR5, UR4, 0x18 | SYNCS.ARRIVE.TRANS64.A1T0 R2, [UR4], RZ | LDCU.64 UR4, c[0x0][0x358]",5,"S2UR UR5, SR_CgaCtaId | UMOV UR4, 0x400 | ULEA UR4, UR5, UR4, 0x18 | SYNCS.ARRIVE.TRANS64.A1T0 R2, [UR4], RZ | LDCU.64 UR4, c[0x0][0x358]",,1,"SYNCS.ARRIVE.TRANS64.A1T0 R2, [R0+URZ], RZ",VERIFIED,1:1,verified SYNCS execution opcode; excluded shared-address and operand encoding,1:N,1:N,1:1,O3 source locations interleaved by scheduling; O3 core sequence is advisory only; 
03_mbarrier,B03,arrive_expect_tx,"mbarrier.arrive.expect_tx.shared::cta.b64 %state, [smem_mbar], %tx;",2,1,32,6,8,4,"MOV R2, 0x400 | IADD3 R2, PT, PT, RZ, R2, RZ | S2R R3, SR_CgaCtaId | LEA R2, R3, R2, 0x18 | MOV R2, R2 | SYNCS.ARRIVE.TRANS64 R2, [R2+URZ], R0",4,"MOV R2, 0x400 | S2R R3, SR_CgaCtaId | LEA R2, R3, R2, 0x18 | SYNCS.ARRIVE.TRANS64 R2, [R2+URZ], R0","removed 1 identity IADD3, removed 1 identity MOV",24,6,3,0,"S2UR UR5, SR_CgaCtaId | UMOV UR4, 0x400 | LDC R2, c[0x0][0x380] | ULEA UR4, UR5, UR4, 0x18 | SYNCS.ARRIVE.TRANS64 R2, [UR4], R2 | LDCU.64 UR4, c[0x0][0x358]",6,"S2UR UR5, SR_CgaCtaId | UMOV UR4, 0x400 | LDC R2, c[0x0][0x380] | ULEA UR4, UR5, UR4, 0x18 | SYNCS.ARRIVE.TRANS64 R2, [UR4], R2 | LDCU.64 UR4, c[0x0][0x358]",,1,"SYNCS.ARRIVE.TRANS64 R2, [R2+URZ], R0",VERIFIED,1:1,verified SYNCS execution opcode; excluded shared-address and operand encoding,1:N,1:N,1:1,O3 source locations interleaved by scheduling; O3 core sequence is advisory only; 
03_mbarrier,B04,arrive_drop,"mbarrier.arrive_drop.shared::cta.b64 %state, [smem_mbar];",1,0,32,6,7,4,"MOV R0, 0x400 | IADD3 R0, PT, PT, RZ, R0, RZ | S2R R2, SR_CgaCtaId | LEA R0, R2, R0, 0x18 | MOV R0, R0 | SYNCS.ARRIVE.TRANS64.OPTOUT.A1T0 R2, [R0+URZ], RZ",4,"MOV R0, 0x400 | S2R R2, SR_CgaCtaId | LEA R0, R2, R0, 0x18 | SYNCS.ARRIVE.TRANS64.OPTOUT.A1T0 R2, [R0+URZ], RZ","removed 1 identity IADD3, removed 1 identity MOV",24,5,3,0,"S2UR UR5, SR_CgaCtaId | UMOV UR4, 0x400 | ULEA UR4, UR5, UR4, 0x18 | SYNCS.ARRIVE.TRANS64.OPTOUT.A1T0 R2, [UR4], RZ | LDCU.64 UR4, c[0x0][0x358]",5,"S2UR UR5, SR_CgaCtaId | UMOV UR4, 0x400 | ULEA UR4, UR5, UR4, 0x18 | SYNCS.ARRIVE.TRANS64.OPTOUT.A1T0 R2, [UR4], RZ | LDCU.64 UR4, c[0x0][0x358]",,1,"SYNCS.ARRIVE.TRANS64.OPTOUT.A1T0 R2, [R0+URZ], RZ",VERIFIED,1:1,verified SYNCS execution opcode; excluded shared-address and operand encoding,1:N,1:N,1:1,O3 source locations interleaved by scheduling; O3 core sequence is advisory only; 
03_mbarrier,B05,expect_tx,"mbarrier.expect_tx.shared::cta.b64 [smem_mbar], %tx;",1,1,24,6,4,2,"MOV R2, 0x400 | IADD3 R2, PT, PT, RZ, R2, RZ | S2R R3, SR_CgaCtaId | LEA R2, R3, R2, 0x18 | MOV R2, R2 | SYNCS.ARRIVE.TRANS64.RED.A0TR RZ, [R2+URZ], R0",4,"MOV R2, 0x400 | S2R R3, SR_CgaCtaId | LEA R2, R3, R2, 0x18 | SYNCS.ARRIVE.TRANS64.RED.A0TR RZ, [R2+URZ], R0","removed 1 identity IADD3, removed 1 identity MOV",16,5,2,0,"S2UR UR5, SR_CgaCtaId | UMOV UR4, 0x400 | LDC R0, c[0x0][0x380] | ULEA UR4, UR5, UR4, 0x18 | SYNCS.ARRIVE.TRANS64.RED.A0TR RZ, [UR4], R0",5,"S2UR UR5, SR_CgaCtaId | UMOV UR4, 0x400 | LDC R0, c[0x0][0x380] | ULEA UR4, UR5, UR4, 0x18 | SYNCS.ARRIVE.TRANS64.RED.A0TR RZ, [UR4], R0",,1,"SYNCS.ARRIVE.TRANS64.RED.A0TR RZ, [R2+URZ], R0",VERIFIED,1:1,verified SYNCS execution opcode; excluded shared-address and operand encoding,1:N,1:N,1:1,
03_mbarrier,B06,complete_tx,"mbarrier.complete_tx.relaxed.cta.shared::cta.b64 [smem_mbar], %tx;",1,1,24,6,4,2,"MOV R2, 0x400 | IADD3 R2, PT, PT, RZ, R2, RZ | S2R R3, SR_CgaCtaId | LEA R2, R3, R2, 0x18 | MOV R2, R2 | SYNCS.ARRIVE.TRANS64.RED.A0TX RZ, [R2+URZ], R0",4,"MOV R2, 0x400 | S2R R3, SR_CgaCtaId | LEA R2, R3, R2, 0x18 | SYNCS.ARRIVE.TRANS64.RED.A0TX RZ, [R2+URZ], R0","removed 1 identity IADD3, removed 1 identity MOV",16,5,2,0,"S2UR UR5, SR_CgaCtaId | UMOV UR4, 0x400 | LDC R0, c[0x0][0x380] | ULEA UR4, UR5, UR4, 0x18 | SYNCS.ARRIVE.TRANS64.RED.A0TX RZ, [UR4], R0",5,"S2UR UR5, SR_CgaCtaId | UMOV UR4, 0x400 | LDC R0, c[0x0][0x380] | ULEA UR4, UR5, UR4, 0x18 | SYNCS.ARRIVE.TRANS64.RED.A0TX RZ, [UR4], R0",,1,"SYNCS.ARRIVE.TRANS64.RED.A0TX RZ, [R2+URZ], R0",VERIFIED,1:1,verified SYNCS execution opcode; excluded shared-address and operand encoding,1:N,1:N,1:1,
03_mbarrier,B07,try_wait,"mbarrier.try_wait.parity.shared::cta.b64 %done, [smem_mbar], 0;",1,0,56,11,7,6,"MOV R0, 0x400 | IADD3 R0, PT, PT, RZ, R0, RZ | S2R R2, SR_CgaCtaId | LEA R0, R2, R0, 0x18 | MOV R0, R0 | SHF.L.U32 R2, RZ, 0x1f, RZ | MOV R3, R2 | MOV R2, R2 | MOV R6, R2 | MOV R2, R3 | SYNCS.PHASECHK.TRANS64.TRYWAIT P0, [R0+URZ], R2",8,"MOV R0, 0x400 | S2R R2, SR_CgaCtaId | LEA R0, R2, R0, 0x18 | SHF.L.U32 R2, RZ, 0x1f, RZ | MOV R3, R2 | MOV R6, R2 | MOV R2, R3 | SYNCS.PHASECHK.TRANS64.TRYWAIT P0, [R0+URZ], R2","removed 1 identity IADD3, removed 2 identity MOV",24,5,3,2,"S2UR UR5, SR_CgaCtaId | UMOV UR4, 0x400 | ULEA UR4, UR5, UR4, 0x18 | SYNCS.PHASECHK.TRANS64.TRYWAIT P0, [UR4], RZ | LDCU.64 UR4, c[0x0][0x358]",5,"S2UR UR5, SR_CgaCtaId | UMOV UR4, 0x400 | ULEA UR4, UR5, UR4, 0x18 | SYNCS.PHASECHK.TRANS64.TRYWAIT P0, [UR4], RZ | LDCU.64 UR4, c[0x0][0x358]",,1,"SYNCS.PHASECHK.TRANS64.TRYWAIT P0, [R0+URZ], R2",VERIFIED,1:1,verified SYNCS execution opcode; excluded shared-address and operand encoding,1:N,1:N,1:1,
03_mbarrier,B08,test_wait,"mbarrier.test_wait.parity.shared::cta.b64 %result, [smem_mbar], 0;",1,0,56,11,7,6,"MOV R0, 0x400 | IADD3 R0, PT, PT, RZ, R0, RZ | S2R R2, SR_CgaCtaId | LEA R0, R2, R0, 0x18 | MOV R0, R0 | SHF.L.U32 R2, RZ, 0x1f, RZ | MOV R3, R2 | MOV R2, R2 | MOV R6, R2 | MOV R2, R3 | SYNCS.PHASECHK.TRANS64 P0, [R0+URZ], R2",8,"MOV R0, 0x400 | S2R R2, SR_CgaCtaId | LEA R0, R2, R0, 0x18 | SHF.L.U32 R2, RZ, 0x1f, RZ | MOV R3, R2 | MOV R6, R2 | MOV R2, R3 | SYNCS.PHASECHK.TRANS64 P0, [R0+URZ], R2","removed 1 identity IADD3, removed 2 identity MOV",24,5,3,2,"S2UR UR5, SR_CgaCtaId | UMOV UR4, 0x400 | ULEA UR4, UR5, UR4, 0x18 | SYNCS.PHASECHK.TRANS64 P0, [UR4], RZ | LDCU.64 UR4, c[0x0][0x358]",5,"S2UR UR5, SR_CgaCtaId | UMOV UR4, 0x400 | ULEA UR4, UR5, UR4, 0x18 | SYNCS.PHASECHK.TRANS64 P0, [UR4], RZ | LDCU.64 UR4, c[0x0][0x358]",,1,"SYNCS.PHASECHK.TRANS64 P0, [R0+URZ], R2",VERIFIED,1:1,verified SYNCS execution opcode; excluded shared-address and operand encoding,1:N,1:N,1:1,
03_mbarrier,B09,inval,mbarrier.inval.shared::cta.b64 [smem_mbar];,0,0,24,6,3,2,"MOV R0, 0x400 | IADD3 R0, PT, PT, RZ, R0, RZ | S2R R2, SR_CgaCtaId | LEA R0, R2, R0, 0x18 | MOV R0, R0 | SYNCS.CCTL.IV [R0+URZ]",4,"MOV R0, 0x400 | S2R R2, SR_CgaCtaId | LEA R0, R2, R0, 0x18 | SYNCS.CCTL.IV [R0+URZ]","removed 1 identity IADD3, removed 1 identity MOV",16,4,1,0,"S2UR UR5, SR_CgaCtaId | UMOV UR4, 0x400 | ULEA UR4, UR5, UR4, 0x18 | SYNCS.CCTL.IV [UR4]",4,"S2UR UR5, SR_CgaCtaId | UMOV UR4, 0x400 | ULEA UR4, UR5, UR4, 0x18 | SYNCS.CCTL.IV [UR4]",,1,SYNCS.CCTL.IV [R0+URZ],VERIFIED,1:1,verified SYNCS execution opcode; excluded shared-address and operand encoding,1:N,1:N,1:1,
04_fence,F01,proxy_async_cta,fence.proxy.async.shared::cta;,0,0,16,2,1,0,MEMBAR.ALL.CTA | FENCE.VIEW.ASYNC.S,2,MEMBAR.ALL.CTA | FENCE.VIEW.ASYNC.S,,16,2,1,0,MEMBAR.ALL.CTA | FENCE.VIEW.ASYNC.S,2,MEMBAR.ALL.CTA | FENCE.VIEW.ASYNC.S,,2,MEMBAR.ALL.CTA | FENCE.VIEW.ASYNC.S,VERIFIED,1:N,verified fence/barrier protocol; retained architecture fallback control flow,1:N,1:N,1:N,
04_fence,F02,proxy_async_cluster,fence.proxy.async.shared::cluster;,0,0,16,2,1,0,MEMBAR.ALL.GPU | FENCE.VIEW.ASYNC.S,2,MEMBAR.ALL.GPU | FENCE.VIEW.ASYNC.S,,16,2,1,0,MEMBAR.ALL.GPU | FENCE.VIEW.ASYNC.S,2,MEMBAR.ALL.GPU | FENCE.VIEW.ASYNC.S,,2,MEMBAR.ALL.GPU | FENCE.VIEW.ASYNC.S,VERIFIED,1:N,verified fence/barrier protocol; retained architecture fallback control flow,1:N,1:N,1:N,
04_fence,F03,proxy_async_generic,fence.proxy.async;,0,0,16,2,1,0,MEMBAR.ALL.GPU | FENCE.VIEW.ASYNC.S,2,MEMBAR.ALL.GPU | FENCE.VIEW.ASYNC.S,,16,2,1,0,MEMBAR.ALL.GPU | FENCE.VIEW.ASYNC.S,2,MEMBAR.ALL.GPU | FENCE.VIEW.ASYNC.S,,2,MEMBAR.ALL.GPU | FENCE.VIEW.ASYNC.S,VERIFIED,1:N,verified fence/barrier protocol; retained architecture fallback control flow,1:N,1:N,1:N,
04_fence,F04,proxy_tensormap,fence.proxy.tensormap::generic.release.cta;,0,0,16,3,1,0,MEMBAR.ALL.GPU | ERRBAR | CGAERRBAR,3,MEMBAR.ALL.GPU | ERRBAR | CGAERRBAR,,16,3,1,0,MEMBAR.ALL.GPU | ERRBAR | CGAERRBAR,3,MEMBAR.ALL.GPU | ERRBAR | CGAERRBAR,,3,MEMBAR.ALL.GPU | ERRBAR | CGAERRBAR,VERIFIED,1:N,verified fence/barrier protocol; retained architecture fallback control flow,1:N,1:N,1:N,
04_fence,F05,mbarrier_init_fence,fence.mbarrier_init.release.cluster;,0,0,16,1,1,0,NOP,0,,removed 1 NOP,16,1,1,0,NOP,0,,removed 1 NOP,0,,VERIFIED,NO_CORE_SASS,verified fence/barrier protocol; retained architecture fallback control flow,1:1,NO_CORE_SASS,NO_CORE_SASS,
04_fence,F06,barrier_cluster_arrive,barrier.cluster.arrive;,0,0,32,15,2,1,"LDC R0, c[0x0][0x36c] | ISETP.EQ.U32.AND P0, PT, R0, 0x1, PT | @!P0 BRA `(.L_x_0) | MOV R0, 0xffffffff | WARPSYNC.COLLECTIVE.ALL `(.L_x_1) | MEMBAR.ALL.GPU | ERRBAR | CGAERRBAR | UCGABAR_ARV | ENDCOLLECTIVE | BRA `(.L_x_2) | MOV R0, 0xffffffff | WARPSYNC.COLLECTIVE R0, `(.L_x_2) | NOP | ENDCOLLECTIVE",14,"LDC R0, c[0x0][0x36c] | ISETP.EQ.U32.AND P0, PT, R0, 0x1, PT | @!P0 BRA `(.L_x_0) | MOV R0, 0xffffffff | WARPSYNC.COLLECTIVE.ALL `(.L_x_1) | MEMBAR.ALL.GPU | ERRBAR | CGAERRBAR | UCGABAR_ARV | ENDCOLLECTIVE | BRA `(.L_x_2) | MOV R0, 0xffffffff | WARPSYNC.COLLECTIVE R0, `(.L_x_2) | ENDCOLLECTIVE",removed 1 NOP,24,9,2,1,"LDC R0, c[0x0][0x36c] | ISETP.EQ.U32.AND P0, PT, R0, 0x1, PT | @!P0 BRA `(.L_x_0) | MEMBAR.ALL.GPU | ERRBAR | CGAERRBAR | UCGABAR_ARV | BRA `(.L_x_1) | NOP",8,"LDC R0, c[0x0][0x36c] | ISETP.EQ.U32.AND P0, PT, R0, 0x1, PT | @!P0 BRA `(.L_x_0) | MEMBAR.ALL.GPU | ERRBAR | CGAERRBAR | UCGABAR_ARV | BRA `(.L_x_1)",removed 1 NOP,14,"LDC R0, c[0x0][0x36c] | ISETP.EQ.U32.AND P0, PT, R0, 0x1, PT | @!P0 BRA `(.L_x_0) | MOV R0, 0xffffffff | WARPSYNC.COLLECTIVE.ALL `(.L_x_1) | MEMBAR.ALL.GPU | ERRBAR | CGAERRBAR | UCGABAR_ARV | ENDCOLLECTIVE | BRA `(.L_x_2) | MOV R0, 0xffffffff | WARPSYNC.COLLECTIVE R0, `(.L_x_2) | ENDCOLLECTIVE",VERIFIED,1:N,verified fence/barrier protocol; retained architecture fallback control flow,1:N,1:N,1:N,
04_fence,F07,barrier_cluster_wait,barrier.cluster.wait;,0,0,32,18,4,3,"LDC R0, c[0x0][0x36c] | ISETP.EQ.U32.AND P0, PT, R0, 0x1, PT | @!P0 BRA `(.L_x_0) | MOV R0, 0xffffffff | WARPSYNC.COLLECTIVE.ALL `(.L_x_1) | UCGABAR_WAIT | CCTL.IVALL | ENDCOLLECTIVE | BRA `(.L_x_2) | MOV R2, 0x0 | MOV R3, 0x0 | MOV R0, 0xffffffff | WARPSYNC.COLLECTIVE.ALL `(.L_x_2) | SHF.L.U32 R3, R3, 0x10, RZ | LOP3.LUT R3, R3, 0xf, R2, 0xf8, !PT | BAR.SYNC.DEFER_BLOCKING R3, R3 | SHF.R.U32.HI R3, RZ, 0x10, R3 | ENDCOLLECTIVE",18,"LDC R0, c[0x0][0x36c] | ISETP.EQ.U32.AND P0, PT, R0, 0x1, PT | @!P0 BRA `(.L_x_0) | MOV R0, 0xffffffff | WARPSYNC.COLLECTIVE.ALL `(.L_x_1) | UCGABAR_WAIT | CCTL.IVALL | ENDCOLLECTIVE | BRA `(.L_x_2) | MOV R2, 0x0 | MOV R3, 0x0 | MOV R0, 0xffffffff | WARPSYNC.COLLECTIVE.ALL `(.L_x_2) | SHF.L.U32 R3, R3, 0x10, RZ | LOP3.LUT R3, R3, 0xf, R2, 0xf8, !PT | BAR.SYNC.DEFER_BLOCKING R3, R3 | SHF.R.U32.HI R3, RZ, 0x10, R3 | ENDCOLLECTIVE",,24,7,2,1,"LDC R0, c[0x0][0x36c] | ISETP.EQ.U32.AND P0, PT, R0, 0x1, PT | @!P0 BRA `(.L_x_0) | UCGABAR_WAIT | CCTL.IVALL | BRA `(.L_x_1) | BAR.SYNC.DEFER_BLOCKING 0x0",7,"LDC R0, c[0x0][0x36c] | ISETP.EQ.U32.AND P0, PT, R0, 0x1, PT | @!P0 BRA `(.L_x_0) | UCGABAR_WAIT | CCTL.IVALL | BRA `(.L_x_1) | BAR.SYNC.DEFER_BLOCKING 0x0",,18,"LDC R0, c[0x0][0x36c] | ISETP.EQ.U32.AND P0, PT, R0, 0x1, PT | @!P0 BRA `(.L_x_0) | MOV R0, 0xffffffff | WARPSYNC.COLLECTIVE.ALL `(.L_x_1) | UCGABAR_WAIT | CCTL.IVALL | ENDCOLLECTIVE | BRA `(.L_x_2) | MOV R2, 0x0 | MOV R3, 0x0 | MOV R0, 0xffffffff | WARPSYNC.COLLECTIVE.ALL `(.L_x_2) | SHF.L.U32 R3, R3, 0x10, RZ | LOP3.LUT R3, R3, 0xf, R2, 0xf8, !PT | BAR.SYNC.DEFER_BLOCKING R3, R3 | SHF.R.U32.HI R3, RZ, 0x10, R3 | ENDCOLLECTIVE",VERIFIED,1:N,verified fence/barrier protocol; retained architecture fallback control flow,1:N,1:N,1:N,
04_fence,F08,fence_acq_rel_cta,fence.acq_rel.cta;,0,0,16,1,1,0,MEMBAR.ALL.CTA,1,MEMBAR.ALL.CTA,,16,1,1,0,MEMBAR.ALL.CTA,1,MEMBAR.ALL.CTA,,1,MEMBAR.ALL.CTA,VERIFIED,1:1,verified fence/barrier protocol; retained architecture fallback control flow,1:1,1:1,1:1,
04_fence,F09,bar_arrive,"bar.arrive 0, 32;",0,0,16,3,1,0,"WARPSYNC.ALL | NOP | BAR.ARV 0x0, 0x20",2,"WARPSYNC.ALL | BAR.ARV 0x0, 0x20",removed 1 NOP,16,1,1,0,"BAR.ARV 0x0, 0x20",1,"BAR.ARV 0x0, 0x20",,2,"WARPSYNC.ALL | BAR.ARV 0x0, 0x20",VERIFIED,1:N,verified fence/barrier protocol; retained architecture fallback control flow,1:N,1:N,1:N,
04_fence,F10,bar_sync,"bar.sync 0, 32;",0,0,16,3,1,0,"WARPSYNC.ALL | NOP | BAR.SYNC.DEFER_BLOCKING 0x0, 0x20",2,"WARPSYNC.ALL | BAR.SYNC.DEFER_BLOCKING 0x0, 0x20",removed 1 NOP,16,1,1,0,"BAR.SYNC.DEFER_BLOCKING 0x0, 0x20",1,"BAR.SYNC.DEFER_BLOCKING 0x0, 0x20",,2,"WARPSYNC.ALL | BAR.SYNC.DEFER_BLOCKING 0x0, 0x20",VERIFIED,1:N,verified fence/barrier protocol; retained architecture fallback control flow,1:N,1:N,1:N,
05_cuda_core_int,I01,add_s32,"add.s32 %r2, %r0, %r1;",3,2,32,1,6,2,"IADD3 R0, PT, PT, R0, R2, RZ",1,"IADD3 R0, PT, PT, R0, R2, RZ",,16,0,3,0,,0,,,1,"IADD3 R0, PT, PT, R0, R2, RZ",VERIFIED,1:1,"verified register/immediate lowering; retained width splits, software expansion, and intermediate-value routing",1:1,1:1,1:1,
05_cuda_core_int,I02,add_s64,"add.s64 %rd2, %rd0, %rd1;",3,2,32,2,8,1,"IADD3 R2, P0, PT, R0, R2, RZ | IADD3.X R3, PT, PT, R4, R3, RZ, P0, !PT",2,"IADD3 R2, P0, PT, R0, R2, RZ | IADD3.X R3, PT, PT, R4, R3, RZ, P0, !PT",,16,0,4,0,,0,,,2,"IADD3 R2, P0, PT, R0, R2, RZ | IADD3.X R3, PT, PT, R4, R3, RZ, P0, !PT",VERIFIED,1:N,"verified register/immediate lowering; retained width splits, software expansion, and intermediate-value routing",1:N,1:N,1:N,
05_cuda_core_int,I03,sub_s64,"sub.s64 %rd2, %rd0, %rd1;",3,2,32,2,8,1,"IADD3 R2, P0, PT, R0, -R2, RZ | IADD3.X R3, PT, PT, R4, ~R3, RZ, P0, !PT",2,"IADD3 R2, P0, PT, R0, -R2, RZ | IADD3.X R3, PT, PT, R4, ~R3, RZ, P0, !PT",,16,0,4,0,,0,,,2,"IADD3 R2, P0, PT, R0, -R2, RZ | IADD3.X R3, PT, PT, R4, ~R3, RZ, P0, !PT",VERIFIED,1:N,"verified register/immediate lowering; retained width splits, software expansion, and intermediate-value routing",1:N,1:N,1:N,
05_cuda_core_int,I04,mul_lo_s32,"mul.lo.s32 %r2, %r0, %r1;",3,2,32,1,6,2,"IMAD R0, R0, R2, RZ",1,"IMAD R0, R0, R2, RZ",,16,0,3,0,,0,,,1,"IMAD R0, R0, R2, RZ",VERIFIED,1:1,"verified register/immediate lowering; retained width splits, software expansion, and intermediate-value routing",1:1,1:1,1:1,
05_cuda_core_int,I05,mul_hi_s32,"mul.hi.s32 %r2, %r0, %r1;",3,2,32,1,6,2,"IMAD.HI R0, R0, R2, RZ",1,"IMAD.HI R0, R0, R2, RZ",,16,0,2,0,,0,,,1,"IMAD.HI R0, R0, R2, RZ",VERIFIED,1:1,"verified register/immediate lowering; retained width splits, software expansion, and intermediate-value routing",1:1,1:1,1:1,
05_cuda_core_int,I06,mul_wide_s32,"mul.wide.s32 %rd0, %r0, %r1;",3,2,32,1,7,2,"IMAD.WIDE R2, R2, R3, RZ",1,"IMAD.WIDE R2, R2, R3, RZ",,16,0,4,0,,0,,,1,"IMAD.WIDE R2, R2, R3, RZ",VERIFIED,1:1,"verified register/immediate lowering; retained width splits, software expansion, and intermediate-value routing",1:1,1:1,1:1,
05_cuda_core_int,I07,mul_lo_s64,"mul.lo.s64 %rd2, %rd0, %rd1;",3,2,56,26,11,4,"MOV R4, RZ | MOV R5, RZ | MOV R4, R4 | MOV R5, R5 | IMAD.WIDE.U32 R4, R9, R8, R4 | MOV R0, R4 | MOV R10, R5 | MOV R0, R0 | IMAD.WIDE.U32 R4, R2, R8, RZ | MOV R8, R4 | MOV R4, R5 | MOV R5, R4 | MOV R4, R8 | IMAD.WIDE.U32 R4, P0, R9, R3, R4 | MOV R8, R4 | MOV R4, R5 | IADD3 R8, P1, PT, R8, R10, RZ | IADD3 R4, PT, PT, RZ, R4, RZ | IADD3.X R5, PT, PT, RZ, RZ, RZ, P0, !PT | MOV R4, R4 | MOV R5, R5 | MOV R4, R4 | MOV R5, R5 | IMAD.WIDE.U32.X R2, R2, R3, R4, P1 | MOV R4, R2 | MOV R2, R3",18,"MOV R4, RZ | MOV R5, RZ | IMAD.WIDE.U32 R4, R9, R8, R4 | MOV R0, R4 | MOV R10, R5 | IMAD.WIDE.U32 R4, R2, R8, RZ | MOV R8, R4 | MOV R4, R5 | MOV R5, R4 | MOV R4, R8 | IMAD.WIDE.U32 R4, P0, R9, R3, R4 | MOV R8, R4 | MOV R4, R5 | IADD3 R8, P1, PT, R8, R10, RZ | IADD3.X R5, PT, PT, RZ, RZ, RZ, P0, !PT | IMAD.WIDE.U32.X R2, R2, R3, R4, P1 | MOV R4, R2 | MOV R2, R3","removed 7 identity MOV, removed 1 identity IADD3",16,0,4,0,,0,,,18,"MOV R4, RZ | MOV R5, RZ | IMAD.WIDE.U32 R4, R9, R8, R4 | MOV R0, R4 | MOV R10, R5 | IMAD.WIDE.U32 R4, R2, R8, RZ | MOV R8, R4 | MOV R4, R5 | MOV R5, R4 | MOV R4, R8 | IMAD.WIDE.U32 R4, P0, R9, R3, R4 | MOV R8, R4 | MOV R4, R5 | IADD3 R8, P1, PT, R8, R10, RZ | IADD3.X R5, PT, PT, RZ, RZ, RZ, P0, !PT | IMAD.WIDE.U32.X R2, R2, R3, R4, P1 | MOV R4, R2 | MOV R2, R3",VERIFIED,1:N,"verified register/immediate lowering; retained width splits, software expansion, and intermediate-value routing",1:N,1:N,1:N,
05_cuda_core_int,I08,mad_lo_s32,"mad.lo.s32 %r2, %r0, %r1, %r2;",3,3,32,1,6,2,"IMAD R0, R0, R2, R3",1,"IMAD R0, R0, R2, R3",,16,0,3,0,,0,,,1,"IMAD R0, R0, R2, R3",VERIFIED,1:1,"verified register/immediate lowering; retained width splits, software expansion, and intermediate-value routing",1:1,1:1,1:1,
05_cuda_core_int,I09,mad_wide_u32,"mad.wide.u32 %rd0, %r0, %r1, %rd0;",3,3,40,6,8,3,"IMAD.U32 R3, R0, R2, RZ | IMAD.HI.U32 R0, R0, R2, RZ | MOV R2, R3 | MOV R0, R0 | IADD3 R2, P0, PT, R2, R4, RZ | IADD3.X R3, PT, PT, R0, R5, RZ, P0, !PT",5,"IMAD.U32 R3, R0, R2, RZ | IMAD.HI.U32 R0, R0, R2, RZ | MOV R2, R3 | IADD3 R2, P0, PT, R2, R4, RZ | IADD3.X R3, PT, PT, R0, R5, RZ, P0, !PT",removed 1 identity MOV,16,0,4,0,,0,,,5,"IMAD.U32 R3, R0, R2, RZ | IMAD.HI.U32 R0, R0, R2, RZ | MOV R2, R3 | IADD3 R2, P0, PT, R2, R4, RZ | IADD3.X R3, PT, PT, R0, R5, RZ, P0, !PT",VERIFIED,1:N,"verified register/immediate lowering; retained width splits, software expansion, and intermediate-value routing",1:N,1:N,1:N,
05_cuda_core_int,I10,div_s32,"div.s32 %r2, %r0, %r1;",3,2,88,55,10,6,"MOV R0, R0 | MOV R2, R2 | MOV R0, R0 | MOV R2, R2 | MOV R0, R0 | MOV R2, R2 | MOV R0, R0 | MOV R2, R2 | IABS R3, R2 | MOV R3, R3 | MOV R3, R3 | I2F.U32.RP R4, R3 | MUFU.RCP R4, R4 | MOV R4, R4 | IADD3 R4, PT, PT, R4, 0xffffffe, RZ | MOV R4, R4 | F2I.FTZ.U32.TRUNC.NTZ R4, R4 | IMAD.U32 R5, R3, R4, RZ | IADD3 R5, PT, PT, RZ, -R5, RZ | MOV R5, R5 | MOV R5, R5 | IMAD.HI.U32 R5, R4, R5, RZ | IADD3 R5, PT, PT, R4, R5, RZ | IABS R4, R0 | MOV R4, R4 | MOV R4, R4 | IMAD.HI.U32 R5, R5, R4, RZ | IMAD.U32 R8, R3, R5, RZ | IADD3 R9, PT, PT, R5, 0x1, RZ | IADD3 R8, PT, PT, R4, -R8, RZ | ISETP.LE.U32.AND P0, PT, R3, R8, PT | SEL R9, R9, R5, P0 | IADD3 R4, PT, PT, R9, 0x1, RZ | IADD3 R5, PT, PT, R8, -R3, RZ | SEL R5, R5, R8, P0 | ISETP.GE.U32.AND P0, PT, R5, R3, PT | SEL R4, R4, R9, P0 | LOP3.LUT R0, R0, R2, RZ, 0x3c, !PT | MOV R3, RZ | ISETP.GE.AND P0, PT, R0, R3, PT | MOV R2, R2 | MOV R4, R4 | @P0 BRA `(.L_x_0) | IADD3 R4, PT, PT, RZ, -R4, RZ | MOV R4, R4 | MOV R4, R4 | MOV R4, R4 | MOV R0, RZ | ISETP.NE.AND P0, PT, R2, R0, PT | LOP3.LUT R2, RZ, R2, RZ, 0x33, !PT | PLOP3.LUT P0, PT, P0, PT, PT, 0x8, 0x80 | SEL R4, R2, R4, P0 | MOV R0, R4 | MOV R0, R0 | MOV R0, R0",32,"IABS R3, R2 | I2F.U32.RP R4, R3 | MUFU.RCP R4, R4 | IADD3 R4, PT, PT, R4, 0xffffffe, RZ | F2I.FTZ.U32.TRUNC.NTZ R4, R4 | IMAD.U32 R5, R3, R4, RZ | IADD3 R5, PT, PT, RZ, -R5, RZ | IMAD.HI.U32 R5, R4, R5, RZ | IADD3 R5, PT, PT, R4, R5, RZ | IABS R4, R0 | IMAD.HI.U32 R5, R5, R4, RZ | IMAD.U32 R8, R3, R5, RZ | IADD3 R9, PT, PT, R5, 0x1, RZ | IADD3 R8, PT, PT, R4, -R8, RZ | ISETP.LE.U32.AND P0, PT, R3, R8, PT | SEL R9, R9, R5, P0 | IADD3 R4, PT, PT, R9, 0x1, RZ | IADD3 R5, PT, PT, R8, -R3, RZ | SEL R5, R5, R8, P0 | ISETP.GE.U32.AND P0, PT, R5, R3, PT | SEL R4, R4, R9, P0 | LOP3.LUT R0, R0, R2, RZ, 0x3c, !PT | MOV R3, RZ | ISETP.GE.AND P0, PT, R0, R3, PT | @P0 BRA `(.L_x_0) | IADD3 R4, PT, PT, RZ, -R4, RZ | MOV R0, RZ | ISETP.NE.AND P0, PT, R2, R0, PT | LOP3.LUT R2, RZ, R2, RZ, 0x33, !PT | PLOP3.LUT P0, PT, P0, PT, PT, 0x8, 0x80 | SEL R4, R2, R4, P0 | MOV R0, R4",removed 23 identity MOV,32,16,7,3,"I2F.U32.RP R0, 0x7 | HFMA2 R2, -RZ, RZ, 0, 0 | MOV R6, 0xfffffff9 | LDCU.64 UR4, c[0x0][0x358] | MUFU.RCP R0, R0 | IADD3 R4, PT, PT, R0, 0xffffffe, RZ | F2I.FTZ.U32.TRUNC.NTZ R3, R4 | IMAD R5, R3, -0x7, RZ | IMAD.HI.U32 R2, R3, R5, R2 | IMAD.HI.U32 R5, R2, 0x2a, RZ | IMAD R6, R5, R6, 0x2a | ISETP.GE.U32.AND P0, PT, R6, 0x7, PT | @P0 VIADD R6, R6, 0xfffffff9 | @P0 IADD3 R5, PT, PT, R5, 0x1, RZ | ISETP.GE.U32.AND P1, PT, R6, 0x7, PT | @P1 VIADD R5, R5, 0x1",16,"I2F.U32.RP R0, 0x7 | HFMA2 R2, -RZ, RZ, 0, 0 | MOV R6, 0xfffffff9 | LDCU.64 UR4, c[0x0][0x358] | MUFU.RCP R0, R0 | IADD3 R4, PT, PT, R0, 0xffffffe, RZ | F2I.FTZ.U32.TRUNC.NTZ R3, R4 | IMAD R5, R3, -0x7, RZ | IMAD.HI.U32 R2, R3, R5, R2 | IMAD.HI.U32 R5, R2, 0x2a, RZ | IMAD R6, R5, R6, 0x2a | ISETP.GE.U32.AND P0, PT, R6, 0x7, PT | @P0 VIADD R6, R6, 0xfffffff9 | @P0 IADD3 R5, PT, PT, R5, 0x1, RZ | ISETP.GE.U32.AND P1, PT, R6, 0x7, PT | @P1 VIADD R5, R5, 0x1",,32,"IABS R3, R2 | I2F.U32.RP R4, R3 | MUFU.RCP R4, R4 | IADD3 R4, PT, PT, R4, 0xffffffe, RZ | F2I.FTZ.U32.TRUNC.NTZ R4, R4 | IMAD.U32 R5, R3, R4, RZ | IADD3 R5, PT, PT, RZ, -R5, RZ | IMAD.HI.U32 R5, R4, R5, RZ | IADD3 R5, PT, PT, R4, R5, RZ | IABS R4, R0 | IMAD.HI.U32 R5, R5, R4, RZ | IMAD.U32 R8, R3, R5, RZ | IADD3 R9, PT, PT, R5, 0x1, RZ | IADD3 R8, PT, PT, R4, -R8, RZ | ISETP.LE.U32.AND P0, PT, R3, R8, PT | SEL R9, R9, R5, P0 | IADD3 R4, PT, PT, R9, 0x1, RZ | IADD3 R5, PT, PT, R8, -R3, RZ | SEL R5, R5, R8, P0 | ISETP.GE.U32.AND P0, PT, R5, R3, PT | SEL R4, R4, R9, P0 | LOP3.LUT R0, R0, R2, RZ, 0x3c, !PT | MOV R3, RZ | ISETP.GE.AND P0, PT, R0, R3, PT | @P0 BRA `(.L_x_0) | IADD3 R4, PT, PT, RZ, -R4, RZ | MOV R0, RZ | ISETP.NE.AND P0, PT, R2, R0, PT | LOP3.LUT R2, RZ, R2, RZ, 0x33, !PT | PLOP3.LUT P0, PT, P0, PT, PT, 0x8, 0x80 | SEL R4, R2, R4, P0 | MOV R0, R4",VERIFIED,1:N,"verified register/immediate lowering; retained width splits, software expansion, and intermediate-value routing",1:N,1:N,1:N,O3 source locations interleaved by scheduling; O3 core sequence is advisory only; 
05_cuda_core_int,I11,div_u32,"div.u32 %r2, %r0, %r1;",3,2,64,39,8,4,"MOV R0, R0 | MOV R2, R2 | MOV R0, R0 | MOV R2, R2 | MOV R0, R0 | MOV R2, R2 | MOV R0, R0 | MOV R2, R2 | I2F.U32.RP R3, R2 | MUFU.RCP R3, R3 | MOV R3, R3 | IADD3 R3, PT, PT, R3, 0xffffffe, RZ | MOV R3, R3 | F2I.FTZ.U32.TRUNC.NTZ R3, R3 | IMAD.U32 R6, R3, R2, RZ | IADD3 R6, PT, PT, RZ, -R6, RZ | MOV R6, R6 | MOV R6, R6 | IMAD.HI.U32 R6, R3, R6, RZ | IADD3 R6, PT, PT, R3, R6, RZ | IMAD.HI.U32 R6, R6, R0, RZ | IMAD.U32 R3, R6, R2, RZ | IADD3 R7, PT, PT, R6, 0x1, RZ | IADD3 R3, PT, PT, R0, -R3, RZ | ISETP.GE.U32.AND P0, PT, R3, R2, PT | SEL R7, R7, R6, P0 | IADD3 R0, PT, PT, R7, 0x1, RZ | IADD3 R6, PT, PT, R3, -R2, RZ | SEL R6, R6, R3, P0 | ISETP.GE.U32.AND P0, PT, R6, R2, PT | SEL R0, R0, R7, P0 | MOV R3, RZ | ISETP.NE.U32.AND P0, PT, R2, R3, PT | LOP3.LUT R2, RZ, R2, RZ, 0x33, !PT | PLOP3.LUT P0, PT, P0, PT, PT, 0x8, 0x80 | SEL R0, R2, R0, P0 | MOV R0, R0 | MOV R0, R0 | MOV R0, R0",24,"I2F.U32.RP R3, R2 | MUFU.RCP R3, R3 | IADD3 R3, PT, PT, R3, 0xffffffe, RZ | F2I.FTZ.U32.TRUNC.NTZ R3, R3 | IMAD.U32 R6, R3, R2, RZ | IADD3 R6, PT, PT, RZ, -R6, RZ | IMAD.HI.U32 R6, R3, R6, RZ | IADD3 R6, PT, PT, R3, R6, RZ | IMAD.HI.U32 R6, R6, R0, RZ | IMAD.U32 R3, R6, R2, RZ | IADD3 R7, PT, PT, R6, 0x1, RZ | IADD3 R3, PT, PT, R0, -R3, RZ | ISETP.GE.U32.AND P0, PT, R3, R2, PT | SEL R7, R7, R6, P0 | IADD3 R0, PT, PT, R7, 0x1, RZ | IADD3 R6, PT, PT, R3, -R2, RZ | SEL R6, R6, R3, P0 | ISETP.GE.U32.AND P0, PT, R6, R2, PT | SEL R0, R0, R7, P0 | MOV R3, RZ | ISETP.NE.U32.AND P0, PT, R2, R3, PT | LOP3.LUT R2, RZ, R2, RZ, 0x33, !PT | PLOP3.LUT P0, PT, P0, PT, PT, 0x8, 0x80 | SEL R0, R2, R0, P0",removed 15 identity MOV,32,16,7,3,"I2F.U32.RP R0, 0x7 | HFMA2 R2, -RZ, RZ, 0, 0 | MOV R6, 0xfffffff9 | LDCU.64 UR4, c[0x0][0x358] | MUFU.RCP R0, R0 | IADD3 R4, PT, PT, R0, 0xffffffe, RZ | F2I.FTZ.U32.TRUNC.NTZ R3, R4 | IMAD R5, R3, -0x7, RZ | IMAD.HI.U32 R2, R3, R5, R2 | IMAD.HI.U32 R5, R2, 0x2a, RZ | IMAD R6, R5, R6, 0x2a | ISETP.GE.U32.AND P0, PT, R6, 0x7, PT | @P0 VIADD R6, R6, 0xfffffff9 | @P0 IADD3 R5, PT, PT, R5, 0x1, RZ | ISETP.GE.U32.AND P1, PT, R6, 0x7, PT | @P1 VIADD R5, R5, 0x1",16,"I2F.U32.RP R0, 0x7 | HFMA2 R2, -RZ, RZ, 0, 0 | MOV R6, 0xfffffff9 | LDCU.64 UR4, c[0x0][0x358] | MUFU.RCP R0, R0 | IADD3 R4, PT, PT, R0, 0xffffffe, RZ | F2I.FTZ.U32.TRUNC.NTZ R3, R4 | IMAD R5, R3, -0x7, RZ | IMAD.HI.U32 R2, R3, R5, R2 | IMAD.HI.U32 R5, R2, 0x2a, RZ | IMAD R6, R5, R6, 0x2a | ISETP.GE.U32.AND P0, PT, R6, 0x7, PT | @P0 VIADD R6, R6, 0xfffffff9 | @P0 IADD3 R5, PT, PT, R5, 0x1, RZ | ISETP.GE.U32.AND P1, PT, R6, 0x7, PT | @P1 VIADD R5, R5, 0x1",,24,"I2F.U32.RP R3, R2 | MUFU.RCP R3, R3 | IADD3 R3, PT, PT, R3, 0xffffffe, RZ | F2I.FTZ.U32.TRUNC.NTZ R3, R3 | IMAD.U32 R6, R3, R2, RZ | IADD3 R6, PT, PT, RZ, -R6, RZ | IMAD.HI.U32 R6, R3, R6, RZ | IADD3 R6, PT, PT, R3, R6, RZ | IMAD.HI.U32 R6, R6, R0, RZ | IMAD.U32 R3, R6, R2, RZ | IADD3 R7, PT, PT, R6, 0x1, RZ | IADD3 R3, PT, PT, R0, -R3, RZ | ISETP.GE.U32.AND P0, PT, R3, R2, PT | SEL R7, R7, R6, P0 | IADD3 R0, PT, PT, R7, 0x1, RZ | IADD3 R6, PT, PT, R3, -R2, RZ | SEL R6, R6, R3, P0 | ISETP.GE.U32.AND P0, PT, R6, R2, PT | SEL R0, R0, R7, P0 | MOV R3, RZ | ISETP.NE.U32.AND P0, PT, R2, R3, PT | LOP3.LUT R2, RZ, R2, RZ, 0x33, !PT | PLOP3.LUT P0, PT, P0, PT, PT, 0x8, 0x80 | SEL R0, R2, R0, P0",VERIFIED,1:N,"verified register/immediate lowering; retained width splits, software expansion, and intermediate-value routing",1:N,1:N,1:N,O3 source locations interleaved by scheduling; O3 core sequence is advisory only; 
05_cuda_core_int,I12,rem_s32,"rem.s32 %r2, %r0, %r1;",3,2,80,52,8,4,"MOV R0, R0 | MOV R2, R2 | MOV R0, R0 | MOV R2, R2 | MOV R0, R0 | MOV R2, R2 | MOV R0, R0 | MOV R2, R2 | IABS R3, R2 | MOV R3, R3 | MOV R3, R3 | I2F.U32.RP R4, R3 | MUFU.RCP R4, R4 | MOV R4, R4 | IADD3 R4, PT, PT, R4, 0xffffffe, RZ | MOV R4, R4 | F2I.FTZ.U32.TRUNC.NTZ R4, R4 | IMAD.U32 R5, R3, R4, RZ | IADD3 R5, PT, PT, RZ, -R5, RZ | MOV R5, R5 | MOV R5, R5 | IMAD.HI.U32 R5, R4, R5, RZ | IADD3 R5, PT, PT, R4, R5, RZ | IABS R4, R0 | MOV R4, R4 | MOV R4, R4 | IMAD.HI.U32 R5, R5, R4, RZ | IMAD.U32 R5, R3, R5, RZ | IADD3 R5, PT, PT, R4, -R5, RZ | ISETP.LE.U32.AND P0, PT, R3, R5, PT | IADD3 R4, PT, PT, R5, -R3, RZ | SEL R4, R4, R5, P0 | IADD3 R5, PT, PT, R4, -R3, RZ | ISETP.LE.U32.AND P0, PT, R3, R4, PT | SEL R5, R5, R4, P0 | MOV R3, RZ | ISETP.GE.AND P0, PT, R0, R3, PT | MOV R2, R2 | MOV R5, R5 | @P0 BRA `(.L_x_0) | IADD3 R5, PT, PT, RZ, -R5, RZ | MOV R5, R5 | MOV R5, R5 | MOV R5, R5 | MOV R0, RZ | ISETP.NE.AND P0, PT, R2, R0, PT | LOP3.LUT R2, RZ, R2, RZ, 0x33, !PT | PLOP3.LUT P0, PT, P0, PT, PT, 0x8, 0x80 | SEL R5, R2, R5, P0 | MOV R0, R5 | MOV R0, R0 | MOV R0, R0",29,"IABS R3, R2 | I2F.U32.RP R4, R3 | MUFU.RCP R4, R4 | IADD3 R4, PT, PT, R4, 0xffffffe, RZ | F2I.FTZ.U32.TRUNC.NTZ R4, R4 | IMAD.U32 R5, R3, R4, RZ | IADD3 R5, PT, PT, RZ, -R5, RZ | IMAD.HI.U32 R5, R4, R5, RZ | IADD3 R5, PT, PT, R4, R5, RZ | IABS R4, R0 | IMAD.HI.U32 R5, R5, R4, RZ | IMAD.U32 R5, R3, R5, RZ | IADD3 R5, PT, PT, R4, -R5, RZ | ISETP.LE.U32.AND P0, PT, R3, R5, PT | IADD3 R4, PT, PT, R5, -R3, RZ | SEL R4, R4, R5, P0 | IADD3 R5, PT, PT, R4, -R3, RZ | ISETP.LE.U32.AND P0, PT, R3, R4, PT | SEL R5, R5, R4, P0 | MOV R3, RZ | ISETP.GE.AND P0, PT, R0, R3, PT | @P0 BRA `(.L_x_0) | IADD3 R5, PT, PT, RZ, -R5, RZ | MOV R0, RZ | ISETP.NE.AND P0, PT, R2, R0, PT | LOP3.LUT R2, RZ, R2, RZ, 0x33, !PT | PLOP3.LUT P0, PT, P0, PT, PT, 0x8, 0x80 | SEL R5, R2, R5, P0 | MOV R0, R5",removed 23 identity MOV,32,15,6,2,"I2F.U32.RP R0, 0x7 | HFMA2 R2, -RZ, RZ, 0, 0 | LDCU.64 UR4, c[0x0][0x358] | MUFU.RCP R0, R0 | IADD3 R4, PT, PT, R0, 0xffffffe, RZ | F2I.FTZ.U32.TRUNC.NTZ R3, R4 | IMAD R5, R3, -0x7, RZ | IMAD.HI.U32 R2, R3, R5, R2 | MOV R5, 0xfffffff9 | IMAD.HI.U32 R2, R2, 0x2a, RZ | IMAD R5, R2, R5, 0x2a | ISETP.GE.U32.AND P0, PT, R5, 0x7, PT | @P0 IADD3 R5, PT, PT, R5, -0x7, RZ | ISETP.GE.U32.AND P0, PT, R5, 0x7, PT | @P0 IADD3 R5, PT, PT, R5, -0x7, RZ",15,"I2F.U32.RP R0, 0x7 | HFMA2 R2, -RZ, RZ, 0, 0 | LDCU.64 UR4, c[0x0][0x358] | MUFU.RCP R0, R0 | IADD3 R4, PT, PT, R0, 0xffffffe, RZ | F2I.FTZ.U32.TRUNC.NTZ R3, R4 | IMAD R5, R3, -0x7, RZ | IMAD.HI.U32 R2, R3, R5, R2 | MOV R5, 0xfffffff9 | IMAD.HI.U32 R2, R2, 0x2a, RZ | IMAD R5, R2, R5, 0x2a | ISETP.GE.U32.AND P0, PT, R5, 0x7, PT | @P0 IADD3 R5, PT, PT, R5, -0x7, RZ | ISETP.GE.U32.AND P0, PT, R5, 0x7, PT | @P0 IADD3 R5, PT, PT, R5, -0x7, RZ",,29,"IABS R3, R2 | I2F.U32.RP R4, R3 | MUFU.RCP R4, R4 | IADD3 R4, PT, PT, R4, 0xffffffe, RZ | F2I.FTZ.U32.TRUNC.NTZ R4, R4 | IMAD.U32 R5, R3, R4, RZ | IADD3 R5, PT, PT, RZ, -R5, RZ | IMAD.HI.U32 R5, R4, R5, RZ | IADD3 R5, PT, PT, R4, R5, RZ | IABS R4, R0 | IMAD.HI.U32 R5, R5, R4, RZ | IMAD.U32 R5, R3, R5, RZ | IADD3 R5, PT, PT, R4, -R5, RZ | ISETP.LE.U32.AND P0, PT, R3, R5, PT | IADD3 R4, PT, PT, R5, -R3, RZ | SEL R4, R4, R5, P0 | IADD3 R5, PT, PT, R4, -R3, RZ | ISETP.LE.U32.AND P0, PT, R3, R4, PT | SEL R5, R5, R4, P0 | MOV R3, RZ | ISETP.GE.AND P0, PT, R0, R3, PT | @P0 BRA `(.L_x_0) | IADD3 R5, PT, PT, RZ, -R5, RZ | MOV R0, RZ | ISETP.NE.AND P0, PT, R2, R0, PT | LOP3.LUT R2, RZ, R2, RZ, 0x33, !PT | PLOP3.LUT P0, PT, P0, PT, PT, 0x8, 0x80 | SEL R5, R2, R5, P0 | MOV R0, R5",VERIFIED,1:N,"verified register/immediate lowering; retained width splits, software expansion, and intermediate-value routing",1:N,1:N,1:N,O3 source locations interleaved by scheduling; O3 core sequence is advisory only; 
05_cuda_core_int,I13,rem_u32,"rem.u32 %r2, %r0, %r1;",3,2,64,37,7,3,"MOV R0, R0 | MOV R2, R2 | MOV R0, R0 | MOV R2, R2 | MOV R0, R0 | MOV R2, R2 | MOV R0, R0 | MOV R2, R2 | I2F.U32.RP R3, R2 | MUFU.RCP R3, R3 | MOV R3, R3 | IADD3 R3, PT, PT, R3, 0xffffffe, RZ | MOV R3, R3 | F2I.FTZ.U32.TRUNC.NTZ R3, R3 | IMAD.U32 R6, R3, R2, RZ | IADD3 R6, PT, PT, RZ, -R6, RZ | MOV R6, R6 | MOV R6, R6 | IMAD.HI.U32 R6, R3, R6, RZ | IADD3 R6, PT, PT, R3, R6, RZ | IMAD.HI.U32 R6, R6, R0, RZ | IMAD.U32 R6, R6, R2, RZ | IADD3 R6, PT, PT, R0, -R6, RZ | ISETP.GE.U32.AND P0, PT, R6, R2, PT | IADD3 R0, PT, PT, R6, -R2, RZ | SEL R0, R0, R6, P0 | IADD3 R3, PT, PT, R0, -R2, RZ | ISETP.GE.U32.AND P0, PT, R0, R2, PT | SEL R3, R3, R0, P0 | MOV R0, RZ | ISETP.NE.U32.AND P0, PT, R2, R0, PT | LOP3.LUT R2, RZ, R2, RZ, 0x33, !PT | PLOP3.LUT P0, PT, P0, PT, PT, 0x8, 0x80 | SEL R2, R2, R3, P0 | MOV R2, R2 | MOV R2, R2 | MOV R0, R2",23,"I2F.U32.RP R3, R2 | MUFU.RCP R3, R3 | IADD3 R3, PT, PT, R3, 0xffffffe, RZ | F2I.FTZ.U32.TRUNC.NTZ R3, R3 | IMAD.U32 R6, R3, R2, RZ | IADD3 R6, PT, PT, RZ, -R6, RZ | IMAD.HI.U32 R6, R3, R6, RZ | IADD3 R6, PT, PT, R3, R6, RZ | IMAD.HI.U32 R6, R6, R0, RZ | IMAD.U32 R6, R6, R2, RZ | IADD3 R6, PT, PT, R0, -R6, RZ | ISETP.GE.U32.AND P0, PT, R6, R2, PT | IADD3 R0, PT, PT, R6, -R2, RZ | SEL R0, R0, R6, P0 | IADD3 R3, PT, PT, R0, -R2, RZ | ISETP.GE.U32.AND P0, PT, R0, R2, PT | SEL R3, R3, R0, P0 | MOV R0, RZ | ISETP.NE.U32.AND P0, PT, R2, R0, PT | LOP3.LUT R2, RZ, R2, RZ, 0x33, !PT | PLOP3.LUT P0, PT, P0, PT, PT, 0x8, 0x80 | SEL R2, R2, R3, P0 | MOV R0, R2",removed 14 identity MOV,32,15,6,2,"I2F.U32.RP R0, 0x7 | HFMA2 R2, -RZ, RZ, 0, 0 | LDCU.64 UR4, c[0x0][0x358] | MUFU.RCP R0, R0 | IADD3 R4, PT, PT, R0, 0xffffffe, RZ | F2I.FTZ.U32.TRUNC.NTZ R3, R4 | IMAD R5, R3, -0x7, RZ | IMAD.HI.U32 R2, R3, R5, R2 | MOV R5, 0xfffffff9 | IMAD.HI.U32 R2, R2, 0x2a, RZ | IMAD R5, R2, R5, 0x2a | ISETP.GE.U32.AND P0, PT, R5, 0x7, PT | @P0 IADD3 R5, PT, PT, R5, -0x7, RZ | ISETP.GE.U32.AND P0, PT, R5, 0x7, PT | @P0 IADD3 R5, PT, PT, R5, -0x7, RZ",15,"I2F.U32.RP R0, 0x7 | HFMA2 R2, -RZ, RZ, 0, 0 | LDCU.64 UR4, c[0x0][0x358] | MUFU.RCP R0, R0 | IADD3 R4, PT, PT, R0, 0xffffffe, RZ | F2I.FTZ.U32.TRUNC.NTZ R3, R4 | IMAD R5, R3, -0x7, RZ | IMAD.HI.U32 R2, R3, R5, R2 | MOV R5, 0xfffffff9 | IMAD.HI.U32 R2, R2, 0x2a, RZ | IMAD R5, R2, R5, 0x2a | ISETP.GE.U32.AND P0, PT, R5, 0x7, PT | @P0 IADD3 R5, PT, PT, R5, -0x7, RZ | ISETP.GE.U32.AND P0, PT, R5, 0x7, PT | @P0 IADD3 R5, PT, PT, R5, -0x7, RZ",,23,"I2F.U32.RP R3, R2 | MUFU.RCP R3, R3 | IADD3 R3, PT, PT, R3, 0xffffffe, RZ | F2I.FTZ.U32.TRUNC.NTZ R3, R3 | IMAD.U32 R6, R3, R2, RZ | IADD3 R6, PT, PT, RZ, -R6, RZ | IMAD.HI.U32 R6, R3, R6, RZ | IADD3 R6, PT, PT, R3, R6, RZ | IMAD.HI.U32 R6, R6, R0, RZ | IMAD.U32 R6, R6, R2, RZ | IADD3 R6, PT, PT, R0, -R6, RZ | ISETP.GE.U32.AND P0, PT, R6, R2, PT | IADD3 R0, PT, PT, R6, -R2, RZ | SEL R0, R0, R6, P0 | IADD3 R3, PT, PT, R0, -R2, RZ | ISETP.GE.U32.AND P0, PT, R0, R2, PT | SEL R3, R3, R0, P0 | MOV R0, RZ | ISETP.NE.U32.AND P0, PT, R2, R0, PT | LOP3.LUT R2, RZ, R2, RZ, 0x33, !PT | PLOP3.LUT P0, PT, P0, PT, PT, 0x8, 0x80 | SEL R2, R2, R3, P0 | MOV R0, R2",VERIFIED,1:N,"verified register/immediate lowering; retained width splits, software expansion, and intermediate-value routing",1:N,1:N,1:N,O3 source locations interleaved by scheduling; O3 core sequence is advisory only; 
05_cuda_core_int,I14,shl_b32,"shl.b32 %r2, %r0, 4;",2,1,32,1,6,3,"SHF.L.U32 R0, R0, 0x4, RZ",1,"SHF.L.U32 R0, R0, 0x4, RZ",,16,0,3,0,,0,,,1,"SHF.L.U32 R0, R0, 0x4, RZ",VERIFIED,1:1,"verified register/immediate lowering; retained width splits, software expansion, and intermediate-value routing",1:1,1:1,1:1,
05_cuda_core_int,I15,shl_b64,"shl.b64 %rd1, %rd0, 4;",2,1,32,2,7,2,"SHF.L.U64.HI R3, R2, 0x4, R3 | SHF.L.U32 R2, R2, 0x4, RZ",2,"SHF.L.U64.HI R3, R2, 0x4, R3 | SHF.L.U32 R2, R2, 0x4, RZ",,16,0,4,0,,0,,,2,"SHF.L.U64.HI R3, R2, 0x4, R3 | SHF.L.U32 R2, R2, 0x4, RZ",VERIFIED,1:N,"verified register/immediate lowering; retained width splits, software expansion, and intermediate-value routing",1:N,1:N,1:N,
05_cuda_core_int,I16,shr_s64,"shr.s64 %rd1, %rd0, 4;",2,1,32,2,7,2,"SHF.R.S64 R2, R2, 0x4, R3 | SHF.R.S32.HI R3, RZ, 0x4, R3",2,"SHF.R.S64 R2, R2, 0x4, R3 | SHF.R.S32.HI R3, RZ, 0x4, R3",,16,0,4,0,,0,,,2,"SHF.R.S64 R2, R2, 0x4, R3 | SHF.R.S32.HI R3, RZ, 0x4, R3",VERIFIED,1:N,"verified register/immediate lowering; retained width splits, software expansion, and intermediate-value routing",1:N,1:N,1:N,
05_cuda_core_int,I17A,and_b32,"and.b32 %r2, %r0, %r1;",3,2,32,1,6,2,"LOP3.LUT R0, R0, R2, RZ, 0xc0, !PT",1,"LOP3.LUT R0, R0, R2, RZ, 0xc0, !PT",,16,0,3,0,,0,,,1,"LOP3.LUT R0, R0, R2, RZ, 0xc0, !PT",VERIFIED,1:1,"verified register/immediate lowering; retained width splits, software expansion, and intermediate-value routing",1:1,1:1,1:1,
05_cuda_core_int,I17B,or_b32,"or.b32 %r2, %r0, %r1;",3,2,32,1,6,2,"LOP3.LUT R0, R0, R2, RZ, 0xfc, !PT",1,"LOP3.LUT R0, R0, R2, RZ, 0xfc, !PT",,16,0,3,0,,0,,,1,"LOP3.LUT R0, R0, R2, RZ, 0xfc, !PT",VERIFIED,1:1,"verified register/immediate lowering; retained width splits, software expansion, and intermediate-value routing",1:1,1:1,1:1,
05_cuda_core_int,I17C,xor_b32,"xor.b32 %r2, %r0, %r1;",3,2,32,1,6,2,"LOP3.LUT R0, R0, R2, RZ, 0x3c, !PT",1,"LOP3.LUT R0, R0, R2, RZ, 0x3c, !PT",,16,0,3,0,,0,,,1,"LOP3.LUT R0, R0, R2, RZ, 0x3c, !PT",VERIFIED,1:1,"verified register/immediate lowering; retained width splits, software expansion, and intermediate-value routing",1:1,1:1,1:1,
05_cuda_core_int,I18A,and_b64,"and.b64 %rd2, %rd0, %rd1;",3,2,32,2,8,1,"LOP3.LUT R2, R0, R2, RZ, 0xc0, !PT | LOP3.LUT R3, R4, R3, RZ, 0xc0, !PT",2,"LOP3.LUT R2, R0, R2, RZ, 0xc0, !PT | LOP3.LUT R3, R4, R3, RZ, 0xc0, !PT",,16,0,4,0,,0,,,2,"LOP3.LUT R2, R0, R2, RZ, 0xc0, !PT | LOP3.LUT R3, R4, R3, RZ, 0xc0, !PT",VERIFIED,1:N,"verified register/immediate lowering; retained width splits, software expansion, and intermediate-value routing",1:N,1:N,1:N,
05_cuda_core_int,I18B,or_b64,"or.b64 %rd2, %rd0, %rd1;",3,2,32,2,8,1,"LOP3.LUT R2, R0, R2, RZ, 0xfc, !PT | LOP3.LUT R3, R4, R3, RZ, 0xfc, !PT",2,"LOP3.LUT R2, R0, R2, RZ, 0xfc, !PT | LOP3.LUT R3, R4, R3, RZ, 0xfc, !PT",,16,0,4,0,,0,,,2,"LOP3.LUT R2, R0, R2, RZ, 0xfc, !PT | LOP3.LUT R3, R4, R3, RZ, 0xfc, !PT",VERIFIED,1:N,"verified register/immediate lowering; retained width splits, software expansion, and intermediate-value routing",1:N,1:N,1:N,
05_cuda_core_int,I19A,setp_eq_s32,"setp.eq.s32 %p0, %r0, %r1;",3,2,48,1,6,3,"ISETP.EQ.AND P0, PT, R0, R2, PT",1,"ISETP.EQ.AND P0, PT, R0, R2, PT",,16,0,2,0,,0,,,1,"ISETP.EQ.AND P0, PT, R0, R2, PT",VERIFIED,1:1,"verified register/immediate lowering; retained width splits, software expansion, and intermediate-value routing",1:1,1:1,1:1,
05_cuda_core_int,I19B,setp_lt_s32,"setp.lt.s32 %p0, %r0, %r1;",3,2,48,1,6,3,"ISETP.LT.AND P0, PT, R0, R2, PT",1,"ISETP.LT.AND P0, PT, R0, R2, PT",,16,0,2,0,,0,,,1,"ISETP.LT.AND P0, PT, R0, R2, PT",VERIFIED,1:1,"verified register/immediate lowering; retained width splits, software expansion, and intermediate-value routing",1:1,1:1,1:1,
05_cuda_core_int,I20,selp_b32,"selp.b32 %r2, %r0, %r1, %p0;",4,2,32,1,6,2,"SEL R0, R0, R2, P0",1,"SEL R0, R0, R2, P0",,16,0,3,0,,0,,,1,"SEL R0, R0, R2, P0",VERIFIED,1:1,"verified register/immediate lowering; retained width splits, software expansion, and intermediate-value routing",1:1,1:1,1:1,
05_cuda_core_int,I21A,mov_b32,"mov.b32 %r1, %r0;",2,1,32,1,6,3,"MOV R0, R0",1,"MOV R0, R0",,16,0,3,0,,0,,,1,"MOV R0, R0",VERIFIED,1:1,"verified register/immediate lowering; retained width splits, software expansion, and intermediate-value routing",1:1,1:1,1:1,
05_cuda_core_int,I21B,mov_b64,"mov.b64 %rd1, %rd0;",2,1,32,4,7,2,"MOV R2, R2 | MOV R3, R3 | MOV R2, R2 | MOV R3, R3",2,"MOV R2, R2 | MOV R3, R3",removed 2 duplicate target MOV,16,0,4,0,,0,,,2,"MOV R2, R2 | MOV R3, R3",VERIFIED,1:N,"verified register/immediate lowering; retained width splits, software expansion, and intermediate-value routing",1:N,1:N,1:N,
06_cuda_core_fp,C01,cvt_f32_f64,"cvt.rn.f32.f64 %f0, %fd0;",2,1,32,1,6,2,"F2F.F32.F64 R0, R2",1,"F2F.F32.F64 R0, R2",,16,0,3,0,,0,,,1,"F2F.F32.F64 R0, R2",VERIFIED,1:1,"verified register/immediate lowering; retained width splits, software expansion, and intermediate-value routing",1:1,1:1,1:1,
06_cuda_core_fp,C02,cvt_f64_f32,"cvt.f64.f32 %fd0, %f0;",2,1,32,1,6,2,"F2F.F64.F32 R2, R2",1,"F2F.F64.F32 R2, R2",,16,0,4,0,,0,,,1,"F2F.F64.F32 R2, R2",VERIFIED,1:1,"verified register/immediate lowering; retained width splits, software expansion, and intermediate-value routing",1:1,1:1,1:1,
06_cuda_core_fp,C03,cvt_s32_f32,"cvt.rni.s32.f32 %r0, %f0;",2,1,32,1,6,3,"F2I.NTZ R0, R0",1,"F2I.NTZ R0, R0",,16,0,3,0,,0,,,1,"F2I.NTZ R0, R0",VERIFIED,1:1,"verified register/immediate lowering; retained width splits, software expansion, and intermediate-value routing",1:1,1:1,1:1,
06_cuda_core_fp,C04,cvt_f32_s32,"cvt.rn.f32.s32 %f0, %r0;",2,1,32,1,6,3,"I2FP.F32.S32 R0, R0",1,"I2FP.F32.S32 R0, R0",,16,0,3,0,,0,,,1,"I2FP.F32.S32 R0, R0",VERIFIED,1:1,"verified register/immediate lowering; retained width splits, software expansion, and intermediate-value routing",1:1,1:1,1:1,
06_cuda_core_fp,C05,cvt_s64_s32,"cvt.s64.s32 %rd0, %r0;",2,1,32,4,8,4,"MOV R0, R0 | SHF.R.S32.HI R2, RZ, 0x1f, R0 | MOV R3, R2 | MOV R2, R0",3,"SHF.R.S32.HI R2, RZ, 0x1f, R0 | MOV R3, R2 | MOV R2, R0",removed 1 identity MOV,16,0,4,0,,0,,,3,"SHF.R.S32.HI R2, RZ, 0x1f, R0 | MOV R3, R2 | MOV R2, R0",VERIFIED,1:N,"verified register/immediate lowering; retained width splits, software expansion, and intermediate-value routing",1:N,1:N,1:N,
06_cuda_core_fp,C06,cvt_u32_u64,"cvt.u32.u64 %r0, %rd0;",2,1,32,1,6,2,"MOV R0, R0",0,,removed 1 identity MOV,16,0,3,0,,0,,,0,,VERIFIED,NO_CORE_SASS,"verified register/immediate lowering; retained width splits, software expansion, and intermediate-value routing",1:1,NO_CORE_SASS,NO_CORE_SASS,
06_cuda_core_fp,C07,cvt_f16_f32,"cvt.rn.f16.f32 %h0, %f0;",2,1,32,1,6,3,"F2F.F16.F32 R0, R0",1,"F2F.F16.F32 R0, R0",,16,0,3,0,,0,,,1,"F2F.F16.F32 R0, R0",VERIFIED,1:1,"verified register/immediate lowering; retained width splits, software expansion, and intermediate-value routing",1:1,1:1,1:1,
06_cuda_core_fp,C08,cvt_f32_f16,"cvt.f32.f16 %f0, %h0;",2,1,32,1,6,3,"HADD2.F32 R0, -RZ, R0.H0_H0",1,"HADD2.F32 R0, -RZ, R0.H0_H0",,16,0,3,0,,0,,,1,"HADD2.F32 R0, -RZ, R0.H0_H0",VERIFIED,1:1,"verified register/immediate lowering; retained width splits, software expansion, and intermediate-value routing",1:1,1:1,1:1,
06_cuda_core_fp,C09,cvt_bf16_f32,"cvt.rn.bf16.f32 %bh0, %f0;",2,1,32,1,6,3,"F2F.BF16.F32 R0, R0",1,"F2F.BF16.F32 R0, R0",,16,0,3,0,,0,,,1,"F2F.BF16.F32 R0, R0",VERIFIED,1:1,"verified register/immediate lowering; retained width splits, software expansion, and intermediate-value routing",1:1,1:1,1:1,
06_cuda_core_fp,C10,cvt_f32_bf16,"cvt.f32.bf16 %f0, %bh0;",2,1,32,1,6,3,"SHF.L.U32 R0, R0, 0x10, RZ",1,"SHF.L.U32 R0, R0, 0x10, RZ",,16,0,3,0,,0,,,1,"SHF.L.U32 R0, R0, 0x10, RZ",VERIFIED,1:1,"verified register/immediate lowering; retained width splits, software expansion, and intermediate-value routing",1:1,1:1,1:1,
06_cuda_core_fp,C11,cvt_f16x2_f32,"cvt.rn.f16x2.f32 %v0, %f0, %f1;",3,2,32,1,6,2,"F2FP.F16.F32.PACK_AB R0, R0, R2",1,"F2FP.F16.F32.PACK_AB R0, R0, R2",,16,0,3,0,,0,,,1,"F2FP.F16.F32.PACK_AB R0, R0, R2",VERIFIED,1:1,"verified register/immediate lowering; retained width splits, software expansion, and intermediate-value routing",1:1,1:1,1:1,
06_cuda_core_fp,C12,cvt_bf16x2_f32,"cvt.rn.bf16x2.f32 %v0, %f0, %f1;",3,2,32,1,6,2,"F2FP.BF16.F32.PACK_AB R0, R0, R2",1,"F2FP.BF16.F32.PACK_AB R0, R0, R2",,16,2,3,0,"HFMA2 R5, -RZ, RZ, 1.875, 0 | F2FP.BF16.F32.PACK_AB R5, R5, 2",2,"HFMA2 R5, -RZ, RZ, 1.875, 0 | F2FP.BF16.F32.PACK_AB R5, R5, 2",,1,"F2FP.BF16.F32.PACK_AB R0, R0, R2",VERIFIED,1:1,"verified register/immediate lowering; retained width splits, software expansion, and intermediate-value routing",1:1,1:1,1:1,O3 source locations interleaved by scheduling; O3 core sequence is advisory only; 
06_cuda_core_fp,FP01,add_f32,"add.f32 %f2, %f0, %f1;",3,2,32,1,6,2,"FADD R0, R0, R2",1,"FADD R0, R0, R2",,16,0,3,0,,0,,,1,"FADD R0, R0, R2",VERIFIED,1:1,"verified register/immediate lowering; retained width splits, software expansion, and intermediate-value routing",1:1,1:1,1:1,
06_cuda_core_fp,FP02,mul_f32,"mul.f32 %f2, %f0, %f1;",3,2,32,1,6,2,"FMUL R0, R0, R2",1,"FMUL R0, R0, R2",,16,0,3,0,,0,,,1,"FMUL R0, R0, R2",VERIFIED,1:1,"verified register/immediate lowering; retained width splits, software expansion, and intermediate-value routing",1:1,1:1,1:1,
06_cuda_core_fp,FP03,fma_rn_f32,"fma.rn.f32 %f2, %f0, %f1, %f2;",3,3,32,1,6,2,"FFMA R0, R0, R2, R3",1,"FFMA R0, R0, R2, R3",,16,2,4,0,"HFMA2 R0, -RZ, RZ, 2, 0 | FFMA R5, R0, 1, RZ",2,"HFMA2 R0, -RZ, RZ, 2, 0 | FFMA R5, R0, 1, RZ",,1,"FFMA R0, R0, R2, R3",VERIFIED,1:1,"verified register/immediate lowering; retained width splits, software expansion, and intermediate-value routing",1:1,1:1,1:1,O3 source locations interleaved by scheduling; O3 core sequence is advisory only; 
06_cuda_core_fp,FP04,add_f64,"add.f64 %fd2, %fd0, %fd1;",3,2,32,1,7,0,"DADD R2, R2, R4",1,"DADD R2, R2, R4",,16,0,4,0,,0,,,1,"DADD R2, R2, R4",VERIFIED,1:1,"verified register/immediate lowering; retained width splits, software expansion, and intermediate-value routing",1:1,1:1,1:1,
06_cuda_core_fp,FP05,mul_f64,"mul.f64 %fd2, %fd0, %fd1;",3,2,32,1,7,0,"DMUL R2, R2, R4",1,"DMUL R2, R2, R4",,16,0,4,0,,0,,,1,"DMUL R2, R2, R4",VERIFIED,1:1,"verified register/immediate lowering; retained width splits, software expansion, and intermediate-value routing",1:1,1:1,1:1,
06_cuda_core_fp,FP06,fma_rn_f64,"fma.rn.f64 %fd2, %fd0, %fd1, %fd2;",3,3,32,1,8,1,"DFMA R2, R2, R4, R6",1,"DFMA R2, R2, R4, R6",,24,3,4,0,"HFMA2 R2, -RZ, RZ, 0, 0 | MOV R3, 0x40000000 | DFMA R2, R2, 1, RZ",3,"HFMA2 R2, -RZ, RZ, 0, 0 | MOV R3, 0x40000000 | DFMA R2, R2, 1, RZ",,1,"DFMA R2, R2, R4, R6",VERIFIED,1:1,"verified register/immediate lowering; retained width splits, software expansion, and intermediate-value routing",1:1,1:1,1:1,O3 source locations interleaved by scheduling; O3 core sequence is advisory only; 
06_cuda_core_fp,FP07A,max_f32,"max.f32 %f2, %f0, %f1;",3,2,32,1,6,2,"FMNMX R0, R0, R2, !PT",1,"FMNMX R0, R0, R2, !PT",,16,0,3,0,,0,,,1,"FMNMX R0, R0, R2, !PT",VERIFIED,1:1,"verified register/immediate lowering; retained width splits, software expansion, and intermediate-value routing",1:1,1:1,1:1,
06_cuda_core_fp,FP07B,min_f32,"min.f32 %f2, %f0, %f1;",3,2,32,1,6,2,"FMNMX R0, R0, R2, PT",1,"FMNMX R0, R0, R2, PT",,16,0,3,0,,0,,,1,"FMNMX R0, R0, R2, PT",VERIFIED,1:1,"verified register/immediate lowering; retained width splits, software expansion, and intermediate-value routing",1:1,1:1,1:1,
06_cuda_core_fp,FP08A,abs_f32,"abs.f32 %f1, %f0;",2,1,32,2,6,3,"FADD R0, -RZ, |R0| | MOV R0, R0",1,"FADD R0, -RZ, |R0|",removed 1 identity MOV,16,0,3,0,,0,,,1,"FADD R0, -RZ, |R0|",VERIFIED,1:1,"verified register/immediate lowering; retained width splits, software expansion, and intermediate-value routing",1:N,1:1,1:1,
06_cuda_core_fp,FP08B,neg_f32,"neg.f32 %f1, %f0;",2,1,32,2,6,3,"FADD R0, -RZ, -R0 | MOV R0, R0",1,"FADD R0, -RZ, -R0",removed 1 identity MOV,16,0,3,0,,0,,,1,"FADD R0, -RZ, -R0",VERIFIED,1:1,"verified register/immediate lowering; retained width splits, software expansion, and intermediate-value routing",1:N,1:1,1:1,
06_cuda_core_fp,FP09,ex2_f32,"ex2.approx.f32 %f1, %f0;",2,1,40,15,6,3,"MOV R0, R0 | MOV R0, R0 | MOV R0, R0 | MOV R0, R0 | MOV R2, 0xc2fc0000 | FSETP.LT.AND P0, PT, R0, R2, PT | MOV R2, 0x3f000000 | FMUL R2, R0, R2 | FSEL R2, R2, R0, P0 | MUFU.EX2 R2, R2 | MOV R2, R2 | FMUL R0, R2, R2 | FSEL R0, R0, R2, P0 | MOV R0, R0 | MOV R0, R0",8,"MOV R2, 0xc2fc0000 | FSETP.LT.AND P0, PT, R0, R2, PT | MOV R2, 0x3f000000 | FMUL R2, R0, R2 | FSEL R2, R2, R0, P0 | MUFU.EX2 R2, R2 | FMUL R0, R2, R2 | FSEL R0, R0, R2, P0",removed 7 identity MOV,16,0,3,0,,0,,,8,"MOV R2, 0xc2fc0000 | FSETP.LT.AND P0, PT, R0, R2, PT | MOV R2, 0x3f000000 | FMUL R2, R0, R2 | FSEL R2, R2, R0, P0 | MUFU.EX2 R2, R2 | FMUL R0, R2, R2 | FSEL R0, R0, R2, P0",VERIFIED,1:N,"verified register/immediate lowering; retained width splits, software expansion, and intermediate-value routing",1:N,1:N,1:N,
06_cuda_core_fp,FP10,lg2_f32,"lg2.approx.f32 %f1, %f0;",2,1,48,18,6,3,"MOV R0, R0 | MOV R0, R0 | MOV R0, R0 | MOV R0, R0 | FADD R2, -RZ, |R0| | MOV R2, R2 | MOV R3, 0x800000 | FSETP.LT.AND P0, PT, R2, R3, PT | MOV R2, 0x4b800000 | FMUL R2, R0, R2 | FSEL R2, R2, R0, P0 | MUFU.LG2 R2, R2 | MOV R2, R2 | MOV R0, 0xc1c00000 | FADD R0, R2, R0 | FSEL R0, R0, R2, P0 | MOV R0, R0 | MOV R0, R0",10,"FADD R2, -RZ, |R0| | MOV R3, 0x800000 | FSETP.LT.AND P0, PT, R2, R3, PT | MOV R2, 0x4b800000 | FMUL R2, R0, R2 | FSEL R2, R2, R0, P0 | MUFU.LG2 R2, R2 | MOV R0, 0xc1c00000 | FADD R0, R2, R0 | FSEL R0, R0, R2, P0",removed 8 identity MOV,16,0,3,0,,0,,,10,"FADD R2, -RZ, |R0| | MOV R3, 0x800000 | FSETP.LT.AND P0, PT, R2, R3, PT | MOV R2, 0x4b800000 | FMUL R2, R0, R2 | FSEL R2, R2, R0, P0 | MUFU.LG2 R2, R2 | MOV R0, 0xc1c00000 | FADD R0, R2, R0 | FSEL R0, R0, R2, P0",VERIFIED,1:N,"verified register/immediate lowering; retained width splits, software expansion, and intermediate-value routing",1:N,1:N,1:N,
06_cuda_core_fp,FP11,rcp_approx_f32,"rcp.approx.f32 %f1, %f0;",2,1,40,15,6,3,"MOV R0, R0 | MOV R0, R0 | MOV R0, R0 | FADD R2, -RZ, |R0| | MOV R2, R2 | FSETP.LT.AND P0, PT, R2, 1.175494350822287508e-38, PT | MOV R3, 0x4b800000 | FSEL R3, R3, 1, P0 | FSETP.GT.AND P0, PT, R2, 8.50705917302346158658e+37, PT | FSEL R3, R3, 0.25, !P0 | FMUL R0, R3, R0 | MUFU.RCP R0, R0 | FMUL R0, R3, R0 | MOV R0, R0 | MOV R0, R0",9,"FADD R2, -RZ, |R0| | FSETP.LT.AND P0, PT, R2, 1.175494350822287508e-38, PT | MOV R3, 0x4b800000 | FSEL R3, R3, 1, P0 | FSETP.GT.AND P0, PT, R2, 8.50705917302346158658e+37, PT | FSEL R3, R3, 0.25, !P0 | FMUL R0, R3, R0 | MUFU.RCP R0, R0 | FMUL R0, R3, R0",removed 6 identity MOV,16,0,3,0,,0,,,9,"FADD R2, -RZ, |R0| | FSETP.LT.AND P0, PT, R2, 1.175494350822287508e-38, PT | MOV R3, 0x4b800000 | FSEL R3, R3, 1, P0 | FSETP.GT.AND P0, PT, R2, 8.50705917302346158658e+37, PT | FSEL R3, R3, 0.25, !P0 | FMUL R0, R3, R0 | MUFU.RCP R0, R0 | FMUL R0, R3, R0",VERIFIED,1:N,"verified register/immediate lowering; retained width splits, software expansion, and intermediate-value routing",1:N,1:N,1:N,
06_cuda_core_fp,FP12,rsqrt_approx_f32,"rsqrt.approx.f32 %f1, %f0;",2,1,48,18,6,3,"MOV R0, R0 | MOV R0, R0 | MOV R0, R0 | MOV R0, R0 | FADD R2, -RZ, |R0| | MOV R2, R2 | MOV R3, 0x800000 | FSETP.LT.AND P0, PT, R2, R3, PT | MOV R2, 0x4b800000 | FMUL R2, R0, R2 | FSEL R2, R2, R0, P0 | MUFU.RSQ R2, R2 | MOV R2, R2 | MOV R0, 0x45800000 | FMUL R0, R2, R0 | FSEL R0, R0, R2, P0 | MOV R0, R0 | MOV R0, R0",10,"FADD R2, -RZ, |R0| | MOV R3, 0x800000 | FSETP.LT.AND P0, PT, R2, R3, PT | MOV R2, 0x4b800000 | FMUL R2, R0, R2 | FSEL R2, R2, R0, P0 | MUFU.RSQ R2, R2 | MOV R0, 0x45800000 | FMUL R0, R2, R0 | FSEL R0, R0, R2, P0",removed 8 identity MOV,16,0,3,0,,0,,,10,"FADD R2, -RZ, |R0| | MOV R3, 0x800000 | FSETP.LT.AND P0, PT, R2, R3, PT | MOV R2, 0x4b800000 | FMUL R2, R0, R2 | FSEL R2, R2, R0, P0 | MUFU.RSQ R2, R2 | MOV R0, 0x45800000 | FMUL R0, R2, R0 | FSEL R0, R0, R2, P0",VERIFIED,1:N,"verified register/immediate lowering; retained width splits, software expansion, and intermediate-value routing",1:N,1:N,1:N,
06_cuda_core_fp,FP13,rcp_rn_f64,"rcp.rn.f64 %fd1, %fd0;",2,1,208,55,15,10,"MOV R2, R2 | MOV R3, R3 | MOV R2, R2 | MOV R3, R3 | MOV R0, R3 | MOV R0, R0 | IADD3 R4, PT, PT, R0, 0x300402, RZ | MOV R4, R4 | MOV R5, R2 | MOV R6, R3 | MOV R5, RZ | MUFU.RCP64H R6, R6 | MOV R5, R5 | MOV R5, R5 | MOV R6, R6 | MOV R6, R6 | LOP3.LUT R5, R5, R4, RZ, 0xfc, !PT | MOV R7, R6 | MOV R6, R5 | DADD R10, -RZ, -R2 | MOV R10, R10 | MOV R11, R11 | MOV R12, 0x0 | MOV R13, 0x3ff00000 | DFMA R14, R10, R6, R12 | DFMA R14, R14, R14, R14 | DFMA R14, R14, R6, R6 | DFMA R10, R10, R14, R12 | DFMA R10, R10, R14, R14 | FADD R4, -RZ, |R4| | MOV R4, R4 | FSETP.GEU.AND P0, PT, R4, 5.8789094863358348022e-39, PT | MOV R2, R2 | MOV R3, R3 | MOV R4, R2 | MOV R3, R3 | MOV R0, R0 | MOV R10, R10 | MOV R11, R11 | @P0 BRA `(.L_x_0) | LOP3.LUT R0, R0, 0x7fffffff, RZ, 0xc0, !PT | IADD3 R0, PT, PT, R0, -0x100000, RZ | MOV R2, R4 | MOV R3, R3 | MOV R4, R0 | MOV R0, 0x330 | CALL.REL.NOINC `($__internal_0_$__cuda_sm20_dblrcp_rn_slowpath_v3) | MOV R10, R10 | MOV R11, R11 | MOV R10, R10 | MOV R11, R11 | MOV R10, R10 | MOV R11, R11 | MOV R10, R10 | MOV R11, R11",27,"MOV R0, R3 | IADD3 R4, PT, PT, R0, 0x300402, RZ | MOV R5, R2 | MOV R6, R3 | MOV R5, RZ | MUFU.RCP64H R6, R6 | LOP3.LUT R5, R5, R4, RZ, 0xfc, !PT | MOV R7, R6 | MOV R6, R5 | DADD R10, -RZ, -R2 | MOV R12, 0x0 | MOV R13, 0x3ff00000 | DFMA R14, R10, R6, R12 | DFMA R14, R14, R14, R14 | DFMA R14, R14, R6, R6 | DFMA R10, R10, R14, R12 | DFMA R10, R10, R14, R14 | FADD R4, -RZ, |R4| | FSETP.GEU.AND P0, PT, R4, 5.8789094863358348022e-39, PT | MOV R4, R2 | @P0 BRA `(.L_x_0) | LOP3.LUT R0, R0, 0x7fffffff, RZ, 0xc0, !PT | IADD3 R0, PT, PT, R0, -0x100000, RZ | MOV R2, R4 | MOV R4, R0 | MOV R0, 0x330 | CALL.REL.NOINC `($__internal_0_$__cuda_sm20_dblrcp_rn_slowpath_v3)",removed 28 identity MOV,24,9,7,2,"MUFU.RCP64H R3, 2 | HFMA2 R8, -RZ, RZ, 0, 0 | MOV R9, 0x40000000 | HFMA2 R2, -RZ, RZ, 2.09375, 6.115436553955078125e-05 | DFMA R4, R2, -R8, 1 | DFMA R4, R4, R4, R4 | DFMA R4, R2, R4, R2 | DFMA R2, R4, -R8, 1 | DFMA R2, R4, R2, R4",9,"MUFU.RCP64H R3, 2 | HFMA2 R8, -RZ, RZ, 0, 0 | MOV R9, 0x40000000 | HFMA2 R2, -RZ, RZ, 2.09375, 6.115436553955078125e-05 | DFMA R4, R2, -R8, 1 | DFMA R4, R4, R4, R4 | DFMA R4, R2, R4, R2 | DFMA R2, R4, -R8, 1 | DFMA R2, R4, R2, R4",,27,"MOV R0, R3 | IADD3 R4, PT, PT, R0, 0x300402, RZ | MOV R5, R2 | MOV R6, R3 | MOV R5, RZ | MUFU.RCP64H R6, R6 | LOP3.LUT R5, R5, R4, RZ, 0xfc, !PT | MOV R7, R6 | MOV R6, R5 | DADD R10, -RZ, -R2 | MOV R12, 0x0 | MOV R13, 0x3ff00000 | DFMA R14, R10, R6, R12 | DFMA R14, R14, R14, R14 | DFMA R14, R14, R6, R6 | DFMA R10, R10, R14, R12 | DFMA R10, R10, R14, R14 | FADD R4, -RZ, |R4| | FSETP.GEU.AND P0, PT, R4, 5.8789094863358348022e-39, PT | MOV R4, R2 | @P0 BRA `(.L_x_0) | LOP3.LUT R0, R0, 0x7fffffff, RZ, 0xc0, !PT | IADD3 R0, PT, PT, R0, -0x100000, RZ | MOV R2, R4 | MOV R4, R0 | MOV R0, 0x330 | CALL.REL.NOINC `($__internal_0_$__cuda_sm20_dblrcp_rn_slowpath_v3)",VERIFIED,1:N,"verified register/immediate lowering; retained width splits, software expansion, and intermediate-value routing",1:N,1:N,1:N,O3 source locations interleaved by scheduling; O3 core sequence is advisory only; 
06_cuda_core_fp,FP14,sqrt_rn_f64,"sqrt.rn.f64 %fd1, %fd0;",2,1,264,89,17,12,"MOV R2, R2 | MOV R3, R3 | MOV R2, R2 | MOV R3, R3 | MOV R0, R3 | MOV R0, R0 | IADD3 R0, PT, PT, R0, -0x3500000, RZ | MOV R4, R2 | MOV R5, R3 | MOV R4, RZ | MUFU.RSQ64H R5, R5 | MOV R4, R4 | MOV R4, R4 | MOV R5, R5 | MOV R5, R5 | LOP3.LUT R4, R4, R0, RZ, 0xfc, !PT | MOV R4, R4 | MOV R5, R5 | DMUL R6, R4, R4 | DADD R6, -RZ, -R6 | MOV R6, R6 | MOV R7, R7 | MOV R8, 0x0 | MOV R9, 0x3ff00000 | DFMA R6, R2, R6, R8 | MOV R8, 0x0 | MOV R9, 0x3fe00000 | MOV R10, 0x0 | MOV R11, 0x3fd80000 | DFMA R8, R10, R6, R8 | DMUL R6, R6, R4 | DFMA R6, R8, R6, R4 | MOV R8, R6 | MOV R7, R7 | MOV R4, R8 | MOV R5, R7 | DMUL R4, R2, R4 | MOV R6, R8 | MOV R6, R6 | MOV R7, R7 | MOV R7, R7 | IADD3 R7, PT, PT, R7, -0x100000, RZ | MOV R6, R6 | MOV R7, R7 | DADD R10, -RZ, -R4 | MOV R10, R10 | MOV R11, R11 | DFMA R10, R4, R10, R2 | DFMA R8, R10, R6, R4 | ISETP.LT.U32.AND P0, PT, R0, 0x7ca00000, PT | MOV R14, R2 | MOV R15, R3 | MOV R3, R14 | MOV R16, R15 | MOV R14, R0 | MOV R4, R4 | MOV R5, R5 | MOV R0, R4 | MOV R2, R5 | MOV R4, R6 | MOV R15, R7 | MOV R7, R4 | MOV R15, R15 | MOV R10, R10 | MOV R11, R11 | MOV R5, R10 | MOV R6, R11 | MOV R8, R8 | MOV R9, R9 | @P0 BRA `(.L_x_0) | MOV R3, R3 | MOV R4, R16 | MOV R10, R14 | MOV R5, R5 | MOV R6, R6 | MOV R7, R7 | MOV R8, R15 | MOV R9, R0 | MOV R11, R2 | MOV R0, 0x550 | CALL.REL.NOINC `($__internal_0_$__cuda_sm20_dsqrt_rn_f64_mediumpath_v1) | MOV R8, R8 | MOV R9, R9 | MOV R8, R8 | MOV R9, R9 | MOV R8, R8 | MOV R9, R9 | MOV R8, R8 | MOV R9, R9",49,"MOV R0, R3 | IADD3 R0, PT, PT, R0, -0x3500000, RZ | MOV R4, R2 | MOV R5, R3 | MOV R4, RZ | MUFU.RSQ64H R5, R5 | LOP3.LUT R4, R4, R0, RZ, 0xfc, !PT | DMUL R6, R4, R4 | DADD R6, -RZ, -R6 | MOV R8, 0x0 | MOV R9, 0x3ff00000 | DFMA R6, R2, R6, R8 | MOV R8, 0x0 | MOV R9, 0x3fe00000 | MOV R10, 0x0 | MOV R11, 0x3fd80000 | DFMA R8, R10, R6, R8 | DMUL R6, R6, R4 | DFMA R6, R8, R6, R4 | MOV R8, R6 | MOV R4, R8 | MOV R5, R7 | DMUL R4, R2, R4 | MOV R6, R8 | IADD3 R7, PT, PT, R7, -0x100000, RZ | DADD R10, -RZ, -R4 | DFMA R10, R4, R10, R2 | DFMA R8, R10, R6, R4 | ISETP.LT.U32.AND P0, PT, R0, 0x7ca00000, PT | MOV R14, R2 | MOV R15, R3 | MOV R3, R14 | MOV R16, R15 | MOV R14, R0 | MOV R0, R4 | MOV R2, R5 | MOV R4, R6 | MOV R15, R7 | MOV R7, R4 | MOV R5, R10 | MOV R6, R11 | @P0 BRA `(.L_x_0) | MOV R4, R16 | MOV R10, R14 | MOV R8, R15 | MOV R9, R0 | MOV R11, R2 | MOV R0, 0x550 | CALL.REL.NOINC `($__internal_0_$__cuda_sm20_dsqrt_rn_f64_mediumpath_v1)",removed 40 identity MOV,32,14,8,3,"MUFU.RSQ64H R3, 4 | HFMA2 R2, -RZ, RZ, 1.1875, 0 | MOV R6, 0x0 | IMAD.MOV.U32 R7, RZ, RZ, 0x40100000 | DMUL R4, R2, R2 | DFMA R4, -R4, R6, 1 | MOV R7, 0x3fd80000 | DFMA R6, R4, R6, 0.5 | DMUL R4, R2, R4 | DFMA R4, R6, R4, R2 | DMUL R2, R4, 4 | VIADD R5, R5, 0xfff00000 | DFMA R6, R2, -R2, 4 | DFMA R6, R4, R6, R2",14,"MUFU.RSQ64H R3, 4 | HFMA2 R2, -RZ, RZ, 1.1875, 0 | MOV R6, 0x0 | IMAD.MOV.U32 R7, RZ, RZ, 0x40100000 | DMUL R4, R2, R2 | DFMA R4, -R4, R6, 1 | MOV R7, 0x3fd80000 | DFMA R6, R4, R6, 0.5 | DMUL R4, R2, R4 | DFMA R4, R6, R4, R2 | DMUL R2, R4, 4 | VIADD R5, R5, 0xfff00000 | DFMA R6, R2, -R2, 4 | DFMA R6, R4, R6, R2",,49,"MOV R0, R3 | IADD3 R0, PT, PT, R0, -0x3500000, RZ | MOV R4, R2 | MOV R5, R3 | MOV R4, RZ | MUFU.RSQ64H R5, R5 | LOP3.LUT R4, R4, R0, RZ, 0xfc, !PT | DMUL R6, R4, R4 | DADD R6, -RZ, -R6 | MOV R8, 0x0 | MOV R9, 0x3ff00000 | DFMA R6, R2, R6, R8 | MOV R8, 0x0 | MOV R9, 0x3fe00000 | MOV R10, 0x0 | MOV R11, 0x3fd80000 | DFMA R8, R10, R6, R8 | DMUL R6, R6, R4 | DFMA R6, R8, R6, R4 | MOV R8, R6 | MOV R4, R8 | MOV R5, R7 | DMUL R4, R2, R4 | MOV R6, R8 | IADD3 R7, PT, PT, R7, -0x100000, RZ | DADD R10, -RZ, -R4 | DFMA R10, R4, R10, R2 | DFMA R8, R10, R6, R4 | ISETP.LT.U32.AND P0, PT, R0, 0x7ca00000, PT | MOV R14, R2 | MOV R15, R3 | MOV R3, R14 | MOV R16, R15 | MOV R14, R0 | MOV R0, R4 | MOV R2, R5 | MOV R4, R6 | MOV R15, R7 | MOV R7, R4 | MOV R5, R10 | MOV R6, R11 | @P0 BRA `(.L_x_0) | MOV R4, R16 | MOV R10, R14 | MOV R8, R15 | MOV R9, R0 | MOV R11, R2 | MOV R0, 0x550 | CALL.REL.NOINC `($__internal_0_$__cuda_sm20_dsqrt_rn_f64_mediumpath_v1)",VERIFIED,1:N,"verified register/immediate lowering; retained width splits, software expansion, and intermediate-value routing",1:N,1:N,1:N,O3 source locations interleaved by scheduling; O3 core sequence is advisory only; 
06_cuda_core_fp,FP15,add_f16x2,"add.f16x2 %h2, %h0, %h1;",3,2,32,1,6,2,"HADD2 R0, R0, R2",1,"HADD2 R0, R0, R2",,16,2,3,0,"HFMA2 R5, -RZ, RZ, 2, -2 | HADD2 R5, R5, 1, 1",2,"HFMA2 R5, -RZ, RZ, 2, -2 | HADD2 R5, R5, 1, 1",,1,"HADD2 R0, R0, R2",VERIFIED,1:1,"verified register/immediate lowering; retained width splits, software expansion, and intermediate-value routing",1:1,1:1,1:1,O3 source locations interleaved by scheduling; O3 core sequence is advisory only; 
06_cuda_core_fp,FP16,ex2_ftz_f32,"ex2.approx.ftz.f32 %f1, %f0;",2,1,32,1,6,3,"MUFU.EX2 R0, R0",1,"MUFU.EX2 R0, R0",,16,0,3,0,,0,,,1,"MUFU.EX2 R0, R0",VERIFIED,1:1,"verified register/immediate lowering; retained width splits, software expansion, and intermediate-value routing",1:1,1:1,1:1,
07_lsu,L01,ld_shared_b32,"ld.shared.b32 %r0, [smem_data];",1,0,32,6,6,4,"MOV R0, 0x400 | IADD3 R0, PT, PT, RZ, R0, RZ | S2R R2, SR_CgaCtaId | LEA R0, R2, R0, 0x18 | MOV R0, R0 | LDS R0, [R0]",4,"MOV R0, 0x400 | S2R R2, SR_CgaCtaId | LEA R0, R2, R0, 0x18 | LDS R0, [R0]","removed 1 identity IADD3, removed 1 identity MOV",24,5,3,1,"S2UR UR5, SR_CgaCtaId | UMOV UR4, 0x400 | ULEA UR4, UR5, UR4, 0x18 | LDS R5, [UR4] | LDCU.64 UR4, c[0x0][0x358]",5,"S2UR UR5, SR_CgaCtaId | UMOV UR4, 0x400 | ULEA UR4, UR5, UR4, 0x18 | LDS R5, [UR4] | LDCU.64 UR4, c[0x0][0x358]",,1,"LDS R0, [R0]",VERIFIED,1:1,verified LDS execution opcode; excluded address/descriptor preparation and result routing,1:N,1:N,1:1,O3 source locations interleaved by scheduling; O3 core sequence is advisory only; 
07_lsu,L02,ld_shared_b64,"ld.shared.b64 %rd0, [smem_data64];",1,0,32,6,7,4,"MOV R0, 0x400 | IADD3 R0, PT, PT, RZ, R0, RZ | S2R R2, SR_CgaCtaId | LEA R0, R2, R0, 0x18 | MOV R0, R0 | LDS.64 R2, [R0]",4,"MOV R0, 0x400 | S2R R2, SR_CgaCtaId | LEA R0, R2, R0, 0x18 | LDS.64 R2, [R0]","removed 1 identity IADD3, removed 1 identity MOV",24,5,3,0,"S2UR UR5, SR_CgaCtaId | UMOV UR4, 0x400 | ULEA UR4, UR5, UR4, 0x18 | LDS.64 R2, [UR4] | LDCU.64 UR4, c[0x0][0x358]",5,"S2UR UR5, SR_CgaCtaId | UMOV UR4, 0x400 | ULEA UR4, UR5, UR4, 0x18 | LDS.64 R2, [UR4] | LDCU.64 UR4, c[0x0][0x358]",,1,"LDS.64 R2, [R0]",VERIFIED,1:1,verified LDS execution opcode; excluded address/descriptor preparation and result routing,1:N,1:N,1:1,O3 source locations interleaved by scheduling; O3 core sequence is advisory only; 
07_lsu,L03,ld_shared_b128,"ld.shared.v4.b32 {%r0, %r1, %r2, %r3}, [smem_data128];",4,0,64,10,10,5,"MOV R0, 0x400 | IADD3 R0, PT, PT, RZ, R0, RZ | S2R R2, SR_CgaCtaId | LEA R0, R2, R0, 0x18 | MOV R0, R0 | LDS.128 R4, [R0] | MOV R4, R4 | MOV R5, R5 | MOV R6, R6 | MOV R0, R7",5,"MOV R0, 0x400 | S2R R2, SR_CgaCtaId | LEA R0, R2, R0, 0x18 | LDS.128 R4, [R0] | MOV R0, R7","removed 1 identity IADD3, removed 4 identity MOV",24,5,6,1,"S2UR UR5, SR_CgaCtaId | UMOV UR4, 0x400 | ULEA UR4, UR5, UR4, 0x18 | LDS.128 R4, [UR4] | LDCU.64 UR4, c[0x0][0x358]",5,"S2UR UR5, SR_CgaCtaId | UMOV UR4, 0x400 | ULEA UR4, UR5, UR4, 0x18 | LDS.128 R4, [UR4] | LDCU.64 UR4, c[0x0][0x358]",,1,"LDS.128 R4, [R0]",VERIFIED,1:1,verified LDS execution opcode; excluded address/descriptor preparation and result routing,1:N,1:N,1:1,O3 source locations interleaved by scheduling; O3 core sequence is advisory only; 
07_lsu,L04,st_shared_b32,"st.shared.b32 [smem_data], %r0;",1,1,24,6,4,2,"MOV R0, 0x400 | IADD3 R0, PT, PT, RZ, R0, RZ | S2R R2, SR_CgaCtaId | LEA R0, R2, R0, 0x18 | MOV R0, R0 | STS [R0], R3",4,"MOV R0, 0x400 | S2R R2, SR_CgaCtaId | LEA R0, R2, R0, 0x18 | STS [R0], R3","removed 1 identity IADD3, removed 1 identity MOV",16,5,2,0,"S2UR UR5, SR_CgaCtaId | UMOV UR4, 0x400 | HFMA2 R0, -RZ, RZ, 0, 2.50339508056640625e-06 | ULEA UR4, UR5, UR4, 0x18 | STS [UR4], R0",5,"S2UR UR5, SR_CgaCtaId | UMOV UR4, 0x400 | HFMA2 R0, -RZ, RZ, 0, 2.50339508056640625e-06 | ULEA UR4, UR5, UR4, 0x18 | STS [UR4], R0",,1,"STS [R0], R3",VERIFIED,1:1,verified STS execution opcode; excluded address/descriptor preparation and result routing,1:N,1:N,1:1,
07_lsu,L05,st_shared_b64,"st.shared.b64 [smem_data64], %rd0;",1,1,24,6,5,2,"MOV R0, 0x400 | IADD3 R0, PT, PT, RZ, R0, RZ | S2R R2, SR_CgaCtaId | LEA R0, R2, R0, 0x18 | MOV R0, R0 | STS.64 [R0], R4",4,"MOV R0, 0x400 | S2R R2, SR_CgaCtaId | LEA R0, R2, R0, 0x18 | STS.64 [R0], R4","removed 1 identity IADD3, removed 1 identity MOV",24,6,3,0,"S2UR UR5, SR_CgaCtaId | UMOV UR4, 0x400 | HFMA2 R2, -RZ, RZ, 0, 2.50339508056640625e-06 | MOV R3, 0x0 | ULEA UR4, UR5, UR4, 0x18 | STS.64 [UR4], R2",6,"S2UR UR5, SR_CgaCtaId | UMOV UR4, 0x400 | HFMA2 R2, -RZ, RZ, 0, 2.50339508056640625e-06 | MOV R3, 0x0 | ULEA UR4, UR5, UR4, 0x18 | STS.64 [UR4], R2",,1,"STS.64 [R0], R4",VERIFIED,1:1,verified STS execution opcode; excluded address/descriptor preparation and result routing,1:N,1:N,1:1,
07_lsu,L06,st_shared_b128,"st.shared.v4.b32 [smem_data128], {%r0, %r1, %r2, %r3};",4,4,24,6,7,2,"MOV R0, 0x400 | IADD3 R0, PT, PT, RZ, R0, RZ | S2R R2, SR_CgaCtaId | LEA R0, R2, R0, 0x18 | MOV R0, R0 | STS.128 [R0], R4",4,"MOV R0, 0x400 | S2R R2, SR_CgaCtaId | LEA R0, R2, R0, 0x18 | STS.128 [R0], R4","removed 1 identity IADD3, removed 1 identity MOV",24,8,5,0,"S2UR UR5, SR_CgaCtaId | UMOV UR4, 0x400 | HFMA2 R6, -RZ, RZ, 0, 1.78813934326171875e-07 | IMAD.MOV.U32 R4, RZ, RZ, 0x1 | MOV R7, 0x4 | IMAD.MOV.U32 R5, RZ, RZ, 0x2 | ULEA UR4, UR5, UR4, 0x18 | STS.128 [UR4], R4",8,"S2UR UR5, SR_CgaCtaId | UMOV UR4, 0x400 | HFMA2 R6, -RZ, RZ, 0, 1.78813934326171875e-07 | IMAD.MOV.U32 R4, RZ, RZ, 0x1 | MOV R7, 0x4 | IMAD.MOV.U32 R5, RZ, RZ, 0x2 | ULEA UR4, UR5, UR4, 0x18 | STS.128 [UR4], R4",,1,"STS.128 [R0], R4",VERIFIED,1:1,verified STS execution opcode; excluded address/descriptor preparation and result routing,1:N,1:N,1:1,
07_lsu,L07,ld_global_b32,"ld.global.b32 %r0, [%addr];",2,1,40,7,6,2,"MOV R2, R2 | MOV R3, R3 | MOV R2, R2 | MOV R3, R3 | R2UR UR4, R4 | R2UR UR5, R5 | LDG.E R0, desc[UR4][R2.64]",3,"R2UR UR4, R4 | R2UR UR5, R5 | LDG.E R0, desc[UR4][R2.64]",removed 4 identity MOV,16,3,4,0,"LDC.64 R2, c[0x0][0x380] | LDCU.64 UR4, c[0x0][0x358] | LDG.E R3, desc[UR4][R2.64]",3,"LDC.64 R2, c[0x0][0x380] | LDCU.64 UR4, c[0x0][0x358] | LDG.E R3, desc[UR4][R2.64]",,1,"LDG.E R0, desc[UR4][R2.64]",VERIFIED,1:1,verified LDG execution opcode; excluded address/descriptor preparation and result routing,1:N,1:N,1:1,
07_lsu,L08,ld_global_b64,"ld.global.b64 %rd0, [%addr];",2,1,40,7,8,3,"MOV R2, R2 | MOV R3, R3 | MOV R2, R2 | MOV R3, R3 | R2UR UR4, R6 | R2UR UR5, R7 | LDG.E.64 R2, desc[UR4][R2.64]",3,"R2UR UR4, R6 | R2UR UR5, R7 | LDG.E.64 R2, desc[UR4][R2.64]",removed 4 identity MOV,16,3,3,0,"LDC.64 R2, c[0x0][0x380] | LDCU.64 UR4, c[0x0][0x358] | LDG.E.64 R2, desc[UR4][R2.64]",3,"LDC.64 R2, c[0x0][0x380] | LDCU.64 UR4, c[0x0][0x358] | LDG.E.64 R2, desc[UR4][R2.64]",,1,"LDG.E.64 R2, desc[UR4][R2.64]",VERIFIED,1:1,verified LDG execution opcode; excluded address/descriptor preparation and result routing,1:N,1:N,1:1,
07_lsu,L09,ld_global_b128,"ld.global.v4.b32 {%r0, %r1, %r2, %r3}, [%addr];",5,1,72,11,10,3,"MOV R2, R2 | MOV R3, R3 | MOV R2, R2 | MOV R3, R3 | R2UR UR4, R8 | R2UR UR5, R9 | LDG.E.128 R4, desc[UR4][R2.64] | MOV R4, R4 | MOV R5, R5 | MOV R6, R6 | MOV R0, R7",4,"R2UR UR4, R8 | R2UR UR5, R9 | LDG.E.128 R4, desc[UR4][R2.64] | MOV R0, R7",removed 7 identity MOV,24,3,7,0,"LDC.64 R2, c[0x0][0x380] | LDCU.64 UR4, c[0x0][0x358] | LDG.E.128 R8, desc[UR4][R2.64]",3,"LDC.64 R2, c[0x0][0x380] | LDCU.64 UR4, c[0x0][0x358] | LDG.E.128 R8, desc[UR4][R2.64]",,1,"LDG.E.128 R4, desc[UR4][R2.64]",VERIFIED,1:1,verified LDG execution opcode; excluded address/descriptor preparation and result routing,1:N,1:N,1:1,
07_lsu,L10,st_global_b32,"st.global.b32 [%addr], %r0;",2,2,32,7,6,2,"MOV R2, R2 | MOV R3, R3 | MOV R2, R2 | MOV R3, R3 | R2UR UR4, R4 | R2UR UR5, R5 | STG.E desc[UR4][R2.64], R0",3,"R2UR UR4, R4 | R2UR UR5, R5 | STG.E desc[UR4][R2.64], R0",removed 4 identity MOV,16,4,3,0,"LDC.64 R2, c[0x0][0x380] | LDCU.64 UR4, c[0x0][0x358] | HFMA2 R5, -RZ, RZ, 0, 2.50339508056640625e-06 | STG.E desc[UR4][R2.64], R5",4,"LDC.64 R2, c[0x0][0x380] | LDCU.64 UR4, c[0x0][0x358] | HFMA2 R5, -RZ, RZ, 0, 2.50339508056640625e-06 | STG.E desc[UR4][R2.64], R5",,1,"STG.E desc[UR4][R2.64], R0",VERIFIED,1:1,verified STG execution opcode; excluded address/descriptor preparation and result routing,1:N,1:N,1:1,
07_lsu,L11,st_global_b64,"st.global.b64 [%addr], %rd0;",2,2,32,7,8,3,"MOV R2, R2 | MOV R3, R3 | MOV R2, R2 | MOV R3, R3 | R2UR UR4, R6 | R2UR UR5, R7 | STG.E.64 desc[UR4][R2.64], R4",3,"R2UR UR4, R6 | R2UR UR5, R7 | STG.E.64 desc[UR4][R2.64], R4",removed 4 identity MOV,16,5,4,0,"LDC.64 R2, c[0x0][0x380] | LDCU.64 UR4, c[0x0][0x358] | HFMA2 R4, -RZ, RZ, 0, 2.50339508056640625e-06 | MOV R5, 0x0 | STG.E.64 desc[UR4][R2.64], R4",5,"LDC.64 R2, c[0x0][0x380] | LDCU.64 UR4, c[0x0][0x358] | HFMA2 R4, -RZ, RZ, 0, 2.50339508056640625e-06 | MOV R5, 0x0 | STG.E.64 desc[UR4][R2.64], R4",,1,"STG.E.64 desc[UR4][R2.64], R4",VERIFIED,1:1,verified STG execution opcode; excluded address/descriptor preparation and result routing,1:N,1:N,1:1,
07_lsu,L12,ld_param_u64,"ld.param.u64 %rd0, [p_val];",1,0,32,8,8,5,"MOV R2, RZ | LDC.64 R2, c[0x0][R2+0x380] | MOV R0, R2 | MOV R2, R3 | MOV R3, R2 | MOV R2, R0 | MOV R2, R2 | MOV R3, R3",6,"MOV R2, RZ | LDC.64 R2, c[0x0][R2+0x380] | MOV R0, R2 | MOV R2, R3 | MOV R3, R2 | MOV R2, R0",removed 2 identity MOV,16,0,3,0,,0,,,1,"LDC.64 R2, c[0x0][R2+0x380]",VERIFIED,1:1,verified LDC execution opcode; excluded address/descriptor preparation and result routing,1:N,1:N,1:1,
07_lsu,L13,ld_shared_v2b32,"ld.shared.v2.b32 {%r0, %r1}, [smem_data];",2,0,48,8,7,4,"MOV R0, 0x400 | IADD3 R0, PT, PT, RZ, R0, RZ | S2R R2, SR_CgaCtaId | LEA R0, R2, R0, 0x18 | MOV R0, R0 | LDS.64 R2, [R0] | MOV R0, R2 | MOV R4, R3",6,"MOV R0, 0x400 | S2R R2, SR_CgaCtaId | LEA R0, R2, R0, 0x18 | LDS.64 R2, [R0] | MOV R0, R2 | MOV R4, R3","removed 1 identity IADD3, removed 1 identity MOV",24,5,4,1,"S2UR UR5, SR_CgaCtaId | UMOV UR4, 0x400 | ULEA UR4, UR5, UR4, 0x18 | LDS.64 R4, [UR4] | LDCU.64 UR4, c[0x0][0x358]",5,"S2UR UR5, SR_CgaCtaId | UMOV UR4, 0x400 | ULEA UR4, UR5, UR4, 0x18 | LDS.64 R4, [UR4] | LDCU.64 UR4, c[0x0][0x358]",,1,"LDS.64 R2, [R0]",VERIFIED,1:1,verified LDS execution opcode; excluded address/descriptor preparation and result routing,1:N,1:N,1:1,O3 source locations interleaved by scheduling; O3 core sequence is advisory only; 
07_lsu,L14,ld_shared_v2b64,"ld.shared.v2.b64 {%rd0, %rd1}, [smem_data64];",2,0,48,10,10,5,"MOV R0, 0x400 | IADD3 R0, PT, PT, RZ, R0, RZ | S2R R2, SR_CgaCtaId | LEA R0, R2, R0, 0x18 | MOV R0, R0 | LDS.128 R4, [R0] | MOV R4, R4 | MOV R5, R5 | MOV R6, R6 | MOV R7, R7",4,"MOV R0, 0x400 | S2R R2, SR_CgaCtaId | LEA R0, R2, R0, 0x18 | LDS.128 R4, [R0]","removed 1 identity IADD3, removed 5 identity MOV",24,5,4,0,"S2UR UR5, SR_CgaCtaId | UMOV UR4, 0x400 | ULEA UR4, UR5, UR4, 0x18 | LDS.128 R4, [UR4] | LDCU.64 UR4, c[0x0][0x358]",5,"S2UR UR5, SR_CgaCtaId | UMOV UR4, 0x400 | ULEA UR4, UR5, UR4, 0x18 | LDS.128 R4, [UR4] | LDCU.64 UR4, c[0x0][0x358]",,1,"LDS.128 R4, [R0]",VERIFIED,1:1,verified LDS execution opcode; excluded address/descriptor preparation and result routing,1:N,1:N,1:1,O3 source locations interleaved by scheduling; O3 core sequence is advisory only; 
07_lsu,L15,st_shared_v2b32,"st.shared.v2.b32 [smem_data], {%r0, %r1};",2,2,24,6,5,2,"MOV R0, 0x400 | IADD3 R0, PT, PT, RZ, R0, RZ | S2R R2, SR_CgaCtaId | LEA R0, R2, R0, 0x18 | MOV R0, R0 | STS.64 [R0], R4",4,"MOV R0, 0x400 | S2R R2, SR_CgaCtaId | LEA R0, R2, R0, 0x18 | STS.64 [R0], R4","removed 1 identity IADD3, removed 1 identity MOV",24,6,3,0,"S2UR UR5, SR_CgaCtaId | UMOV UR4, 0x400 | HFMA2 R2, -RZ, RZ, 0, 5.9604644775390625e-08 | MOV R3, 0x2 | ULEA UR4, UR5, UR4, 0x18 | STS.64 [UR4], R2",6,"S2UR UR5, SR_CgaCtaId | UMOV UR4, 0x400 | HFMA2 R2, -RZ, RZ, 0, 5.9604644775390625e-08 | MOV R3, 0x2 | ULEA UR4, UR5, UR4, 0x18 | STS.64 [UR4], R2",,1,"STS.64 [R0], R4",VERIFIED,1:1,verified STS execution opcode; excluded address/descriptor preparation and result routing,1:N,1:N,1:1,
07_lsu,L16,st_shared_v2b64,"st.shared.v2.b64 [smem_data64], {%rd0, %rd1};",2,2,24,6,7,2,"MOV R0, 0x400 | IADD3 R0, PT, PT, RZ, R0, RZ | S2R R2, SR_CgaCtaId | LEA R0, R2, R0, 0x18 | MOV R0, R0 | STS.128 [R0], R4",4,"MOV R0, 0x400 | S2R R2, SR_CgaCtaId | LEA R0, R2, R0, 0x18 | STS.128 [R0], R4","removed 1 identity IADD3, removed 1 identity MOV",24,8,5,0,"S2UR UR5, SR_CgaCtaId | UMOV UR4, 0x400 | HFMA2 R6, -RZ, RZ, 0, 1.1920928955078125e-07 | IMAD.MOV.U32 R4, RZ, RZ, 0x1 | MOV R7, 0x0 | IMAD.MOV.U32 R5, RZ, RZ, 0x0 | ULEA UR4, UR5, UR4, 0x18 | STS.128 [UR4], R4",8,"S2UR UR5, SR_CgaCtaId | UMOV UR4, 0x400 | HFMA2 R6, -RZ, RZ, 0, 1.1920928955078125e-07 | IMAD.MOV.U32 R4, RZ, RZ, 0x1 | MOV R7, 0x0 | IMAD.MOV.U32 R5, RZ, RZ, 0x0 | ULEA UR4, UR5, UR4, 0x18 | STS.128 [UR4], R4",,1,"STS.128 [R0], R4",VERIFIED,1:1,verified STS execution opcode; excluded address/descriptor preparation and result routing,1:N,1:N,1:1,
07_lsu,L17,ld_global_nc,"ld.global.nc.b32 %r0, [%addr];",2,1,40,7,6,2,"MOV R2, R2 | MOV R3, R3 | MOV R2, R2 | MOV R3, R3 | R2UR UR4, R4 | R2UR UR5, R5 | LDG.E.CONSTANT R0, desc[UR4][R2.64]",3,"R2UR UR4, R4 | R2UR UR5, R5 | LDG.E.CONSTANT R0, desc[UR4][R2.64]",removed 4 identity MOV,16,3,4,0,"LDC.64 R2, c[0x0][0x380] | LDCU.64 UR4, c[0x0][0x358] | LDG.E.CONSTANT R3, desc[UR4][R2.64]",3,"LDC.64 R2, c[0x0][0x380] | LDCU.64 UR4, c[0x0][0x358] | LDG.E.CONSTANT R3, desc[UR4][R2.64]",,1,"LDG.E.CONSTANT R0, desc[UR4][R2.64]",VERIFIED,1:1,verified LDG execution opcode; excluded address/descriptor preparation and result routing,1:N,1:N,1:1,
08_control_flow,S01,mov_tid_x,"mov.u32 %r0, %tid.x;",1,0,32,2,6,4,"S2R R0, SR_TID.X | MOV R0, R0",1,"S2R R0, SR_TID.X",removed 1 identity MOV,16,1,3,1,"S2R R5, SR_TID.X",1,"S2R R5, SR_TID.X",,1,"S2R R0, SR_TID.X",VERIFIED,1:1,verified direct special-register/control-flow lowering,1:N,1:1,1:1,
08_control_flow,S02,mov_ctaid_x,"mov.u32 %r0, %ctaid.x;",1,0,32,2,6,4,"S2R R0, SR_CTAID.X | MOV R0, R0",1,"S2R R0, SR_CTAID.X",removed 1 identity MOV,16,1,3,1,"S2R R5, SR_CTAID.X",1,"S2R R5, SR_CTAID.X",,1,"S2R R0, SR_CTAID.X",VERIFIED,1:1,verified direct special-register/control-flow lowering,1:N,1:1,1:1,
08_control_flow,S03,mov_laneid,"mov.u32 %r0, %laneid;",1,0,32,2,6,4,"S2R R0, SR_LANEID | MOV R0, R0",1,"S2R R0, SR_LANEID",removed 1 identity MOV,16,1,3,1,"S2R R5, SR_LANEID",1,"S2R R5, SR_LANEID",,1,"S2R R0, SR_LANEID",VERIFIED,1:1,verified direct special-register/control-flow lowering,1:N,1:1,1:1,
08_control_flow,S04,bra_uncond,bra END;,0,0,16,1,1,0,BRA `(.L_x_0),1,BRA `(.L_x_0),,16,1,1,0,"LDC R1, c[0x0][0x37c]",1,"LDC R1, c[0x0][0x37c]",,1,BRA `(.L_x_0),VERIFIED,1:1,verified direct special-register/control-flow lowering,1:1,1:1,1:1,
08_control_flow,S05,bra_cond,@%p0 bra END;,2,1,16,1,2,0,@P0 BRA `(.L_x_0),1,@P0 BRA `(.L_x_0),,16,0,1,0,,0,,,1,@P0 BRA `(.L_x_0),VERIFIED,1:1,verified direct special-register/control-flow lowering,1:1,1:1,1:1,
08_control_flow,S06,ret,ret;,0,0,16,15,1,0,EXIT | BRA `(.L_x_0) | NOP | NOP | NOP | NOP | NOP | NOP | NOP | NOP | NOP | NOP | NOP | NOP | NOP,1,EXIT,"removed 13 NOP, removed 1 post-EXIT trap BRA",16,15,1,0,EXIT | BRA `(.L_x_0) | NOP | NOP | NOP | NOP | NOP | NOP | NOP | NOP | NOP | NOP | NOP | NOP | NOP,1,EXIT,"removed 13 NOP, removed 1 post-EXIT trap BRA",1,EXIT,VERIFIED,1:1,verified direct special-register/control-flow lowering,1:N,1:1,1:1,
10_atomic,A01,atom_global_add_u32,"atom.global.add.u32 %old, [%addr], %r0;",3,2,40,7,6,1,"MOV R2, R2 | MOV R3, R3 | MOV R2, R2 | MOV R3, R3 | R2UR UR4, R4 | R2UR UR5, R5 | ATOMG.E.ADD.STRONG.GPU PT, R0, desc[UR4][R2.64], R0",3,"R2UR UR4, R4 | R2UR UR5, R5 | ATOMG.E.ADD.STRONG.GPU PT, R0, desc[UR4][R2.64], R0",removed 4 identity MOV,32,13,9,4,"S2R R5, SR_LANEID | VOTEU.ANY UR6, UPT, PT | LDC.64 R2, c[0x0][0x380] | FLO.U32 R0, UR6 | LDCU.64 UR4, c[0x0][0x358] | POPC R9, UR6 | ISETP.EQ.U32.AND P0, PT, R0, R5, PT | @P0 ATOMG.E.ADD.STRONG.GPU PT, R3, desc[UR4][R2.64], R9 | S2R R6, SR_LTMASK | LOP3.LUT R6, R6, UR6, RZ, 0xc0, !PT | POPC R6, R6 | SHFL.IDX PT, R7, R3, R0, 0x1f | IMAD.IADD R7, R7, 0x1, R6",13,"S2R R5, SR_LANEID | VOTEU.ANY UR6, UPT, PT | LDC.64 R2, c[0x0][0x380] | FLO.U32 R0, UR6 | LDCU.64 UR4, c[0x0][0x358] | POPC R9, UR6 | ISETP.EQ.U32.AND P0, PT, R0, R5, PT | @P0 ATOMG.E.ADD.STRONG.GPU PT, R3, desc[UR4][R2.64], R9 | S2R R6, SR_LTMASK | LOP3.LUT R6, R6, UR6, RZ, 0xc0, !PT | POPC R6, R6 | SHFL.IDX PT, R7, R3, R0, 0x1f | IMAD.IADD R7, R7, 0x1, R6",,1,"ATOMG.E.ADD.STRONG.GPU PT, R0, desc[UR4][R2.64], R0",VERIFIED,1:1,verified ATOMG execution opcode; excluded address/descriptor preparation,1:N,1:N,1:1,O3 source locations interleaved by scheduling; O3 core sequence is advisory only; 
10_atomic,A02,atom_global_add_u64,"atom.global.add.u64 %old, [%addr], %val;",3,2,40,7,7,0,"MOV R4, R4 | MOV R5, R5 | MOV R4, R4 | MOV R5, R5 | R2UR UR4, R6 | R2UR UR5, R7 | ATOMG.E.ADD.64.STRONG.GPU PT, R2, desc[UR4][R4.64], R2",3,"R2UR UR4, R6 | R2UR UR5, R7 | ATOMG.E.ADD.64.STRONG.GPU PT, R2, desc[UR4][R4.64], R2",removed 4 identity MOV,40,22,11,4,"S2R R0, SR_LANEID | VOTEU.ANY UR5, UPT, PT | LDC.64 R2, c[0x0][0x380] | FLO.U32 R11, UR5 | UPOPC UR6, UR5 | LDCU.64 UR8, c[0x0][0x358] | UIMAD.WIDE.U32 UR6, UR6, 0x1, URZ | UMOV UR4, URZ | UIADD3 UR4, UPT, UPT, UR7, UR4, URZ | IMAD.U32 R7, RZ, RZ, UR7 | IMAD.U32 R6, RZ, RZ, UR6 | MOV R7, UR4 | ISETP.EQ.U32.AND P0, PT, R11, R0, PT | @P0 ATOMG.E.ADD.64.STRONG.GPU PT, R2, desc[UR8][R2.64], R6 | UMOV UR4, URZ | S2R R0, SR_LTMASK | LOP3.LUT R0, R0, UR5, RZ, 0xc0, !PT | POPC R13, R0 | SHFL.IDX PT, R8, R2, R11, 0x1f | SHFL.IDX PT, R9, R3, R11, 0x1f | IMAD.WIDE.U32 R8, R13, 0x1, R8 | IADD3 R9, PT, PT, R9, UR4, RZ",22,"S2R R0, SR_LANEID | VOTEU.ANY UR5, UPT, PT | LDC.64 R2, c[0x0][0x380] | FLO.U32 R11, UR5 | UPOPC UR6, UR5 | LDCU.64 UR8, c[0x0][0x358] | UIMAD.WIDE.U32 UR6, UR6, 0x1, URZ | UMOV UR4, URZ | UIADD3 UR4, UPT, UPT, UR7, UR4, URZ | IMAD.U32 R7, RZ, RZ, UR7 | IMAD.U32 R6, RZ, RZ, UR6 | MOV R7, UR4 | ISETP.EQ.U32.AND P0, PT, R11, R0, PT | @P0 ATOMG.E.ADD.64.STRONG.GPU PT, R2, desc[UR8][R2.64], R6 | UMOV UR4, URZ | S2R R0, SR_LTMASK | LOP3.LUT R0, R0, UR5, RZ, 0xc0, !PT | POPC R13, R0 | SHFL.IDX PT, R8, R2, R11, 0x1f | SHFL.IDX PT, R9, R3, R11, 0x1f | IMAD.WIDE.U32 R8, R13, 0x1, R8 | IADD3 R9, PT, PT, R9, UR4, RZ",,1,"ATOMG.E.ADD.64.STRONG.GPU PT, R2, desc[UR4][R4.64], R2",VERIFIED,1:1,verified ATOMG execution opcode; excluded address/descriptor preparation,1:N,1:N,1:1,O3 source locations interleaved by scheduling; O3 core sequence is advisory only; 
10_atomic,A03,atom_global_cas_b32,"atom.global.cas.b32 %old, [%addr], %cmp, %new_val;",4,3,40,5,8,2,"MOV R2, R2 | MOV R3, R3 | MOV R2, R2 | MOV R3, R3 | ATOMG.E.CAS.STRONG.GPU PT, R4, [R2], R4, R5",1,"ATOMG.E.CAS.STRONG.GPU PT, R4, [R2], R4, R5",removed 4 identity MOV,24,6,6,0,"LDCU.64 UR4, c[0x0][0x380] | IMAD.MOV.U32 R7, RZ, RZ, 0x1 | IMAD.MOV.U32 R6, RZ, RZ, RZ | MOV R5, UR5 | MOV R4, UR4 | ATOMG.E.CAS.STRONG.GPU PT, R5, [R4], R6, R7",6,"LDCU.64 UR4, c[0x0][0x380] | IMAD.MOV.U32 R7, RZ, RZ, 0x1 | IMAD.MOV.U32 R6, RZ, RZ, RZ | MOV R5, UR5 | MOV R4, UR4 | ATOMG.E.CAS.STRONG.GPU PT, R5, [R4], R6, R7",,1,"ATOMG.E.CAS.STRONG.GPU PT, R4, [R2], R4, R5",VERIFIED,1:1,verified ATOMG execution opcode; excluded address/descriptor preparation,1:N,1:1,1:1,
10_atomic,A04,atom_global_cas_b64,"atom.global.cas.b64 %old, [%addr], %cmp, %new_val;",4,3,40,5,10,1,"MOV R2, R2 | MOV R3, R3 | MOV R2, R2 | MOV R3, R3 | ATOMG.E.CAS.64.STRONG.GPU PT, R2, [R2], R4, R6",1,"ATOMG.E.CAS.64.STRONG.GPU PT, R2, [R2], R4, R6",removed 4 identity MOV,24,7,7,0,"LDCU.64 UR4, c[0x0][0x380] | IMAD.MOV.U32 R10, RZ, RZ, 0x1 | CS2R R8, SRZ | IMAD.MOV.U32 R11, RZ, RZ, 0x0 | MOV R2, UR4 | MOV R3, UR5 | ATOMG.E.CAS.64.STRONG.GPU PT, R2, [R2], R8, R10",7,"LDCU.64 UR4, c[0x0][0x380] | IMAD.MOV.U32 R10, RZ, RZ, 0x1 | CS2R R8, SRZ | IMAD.MOV.U32 R11, RZ, RZ, 0x0 | MOV R2, UR4 | MOV R3, UR5 | ATOMG.E.CAS.64.STRONG.GPU PT, R2, [R2], R8, R10",,1,"ATOMG.E.CAS.64.STRONG.GPU PT, R2, [R2], R4, R6",VERIFIED,1:1,verified ATOMG execution opcode; excluded address/descriptor preparation,1:N,1:1,1:1,
10_atomic,A05,atom_shared_add_u32,"atom.shared.add.u32 %old, [smem_atomic], %r0;",2,1,32,6,6,3,"MOV R2, 0x400 | IADD3 R2, PT, PT, RZ, R2, RZ | S2R R3, SR_CgaCtaId | LEA R2, R3, R2, 0x18 | MOV R2, R2 | ATOMS.ADD R0, [R2], R0",4,"MOV R2, 0x400 | S2R R3, SR_CgaCtaId | LEA R2, R3, R2, 0x18 | ATOMS.ADD R0, [R2], R0","removed 1 identity IADD3, removed 1 identity MOV",32,15,8,5,"S2R R3, SR_LANEID | S2UR UR5, SR_CgaCtaId | VOTEU.ANY UR6, UPT, PT | UMOV UR4, 0x400 | FLO.U32 R4, UR6 | S2R R6, SR_LTMASK | POPC R0, UR6 | ULEA UR4, UR5, UR4, 0x18 | ISETP.EQ.U32.AND P0, PT, R4, R3, PT | LOP3.LUT R6, R6, UR6, RZ, 0xc0, !PT | POPC R6, R6 | @P0 ATOMS.ADD R7, [UR4], R0 | LDCU.64 UR4, c[0x0][0x358] | SHFL.IDX PT, R5, R7, R4, 0x1f | IMAD.IADD R5, R5, 0x1, R6",15,"S2R R3, SR_LANEID | S2UR UR5, SR_CgaCtaId | VOTEU.ANY UR6, UPT, PT | UMOV UR4, 0x400 | FLO.U32 R4, UR6 | S2R R6, SR_LTMASK | POPC R0, UR6 | ULEA UR4, UR5, UR4, 0x18 | ISETP.EQ.U32.AND P0, PT, R4, R3, PT | LOP3.LUT R6, R6, UR6, RZ, 0xc0, !PT | POPC R6, R6 | @P0 ATOMS.ADD R7, [UR4], R0 | LDCU.64 UR4, c[0x0][0x358] | SHFL.IDX PT, R5, R7, R4, 0x1f | IMAD.IADD R5, R5, 0x1, R6",,1,"ATOMS.ADD R0, [R2], R0",VERIFIED,1:1,verified ATOMS execution opcode; excluded address/descriptor preparation,1:N,1:N,1:1,O3 source locations interleaved by scheduling; O3 core sequence is advisory only; 
10_atomic,A06,red_global_add_u32,"red.global.add.u32 [%addr], %r0;",2,2,32,7,6,2,"MOV R2, R2 | MOV R3, R3 | MOV R2, R2 | MOV R3, R3 | R2UR UR4, R4 | R2UR UR5, R5 | REDG.E.ADD.STRONG.GPU desc[UR4][R2.64], R0",3,"R2UR UR4, R4 | R2UR UR5, R5 | REDG.E.ADD.STRONG.GPU desc[UR4][R2.64], R0",removed 4 identity MOV,24,8,4,0,"S2R R0, SR_LANEID | LDC.64 R2, c[0x0][0x380] | VOTEU.ANY UR6, UPT, PT | LDCU.64 UR4, c[0x0][0x358] | POPC R5, UR6 | UFLO.U32 UR7, UR6 | ISETP.EQ.U32.AND P0, PT, R0, UR7, PT | @P0 REDG.E.ADD.STRONG.GPU desc[UR4][R2.64], R5",8,"S2R R0, SR_LANEID | LDC.64 R2, c[0x0][0x380] | VOTEU.ANY UR6, UPT, PT | LDCU.64 UR4, c[0x0][0x358] | POPC R5, UR6 | UFLO.U32 UR7, UR6 | ISETP.EQ.U32.AND P0, PT, R0, UR7, PT | @P0 REDG.E.ADD.STRONG.GPU desc[UR4][R2.64], R5",,1,"REDG.E.ADD.STRONG.GPU desc[UR4][R2.64], R0",VERIFIED,1:1,verified REDG execution opcode; excluded address/descriptor preparation,1:N,1:N,1:1,
11_half_precision,H01,add_f16,"add.f16 %h2, %h0, %h1;",3,2,32,1,6,2,"HADD2 R0, R0.H0_H0, R0.H1_H1",1,"HADD2 R0, R0.H0_H0, R0.H1_H1",,16,1,3,0,"HADD2 R0, R0.H0_H0, 2, 2",1,"HADD2 R0, R0.H0_H0, 2, 2",,1,"HADD2 R0, R0.H0_H0, R0.H1_H1",VERIFIED,1:1,"verified register/immediate lowering; retained width splits, software expansion, and intermediate-value routing",1:1,1:1,1:1,O3 source locations interleaved by scheduling; O3 core sequence is advisory only; 
11_half_precision,H02,sub_f16,"sub.f16 %h2, %h0, %h1;",3,2,32,1,6,2,"HADD2 R0, R0.H0_H0, -R0.H1_H1",1,"HADD2 R0, R0.H0_H0, -R0.H1_H1",,16,1,3,0,"HADD2 R0, R0.H0_H0, -1, -1",1,"HADD2 R0, R0.H0_H0, -1, -1",,1,"HADD2 R0, R0.H0_H0, -R0.H1_H1",VERIFIED,1:1,"verified register/immediate lowering; retained width splits, software expansion, and intermediate-value routing",1:1,1:1,1:1,O3 source locations interleaved by scheduling; O3 core sequence is advisory only; 
11_half_precision,H03,mul_f16,"mul.f16 %h2, %h0, %h1;",3,2,32,1,6,2,"HMUL2 R0, R0.H0_H0, R0.H1_H1",1,"HMUL2 R0, R0.H0_H0, R0.H1_H1",,16,0,3,0,,0,,,1,"HMUL2 R0, R0.H0_H0, R0.H1_H1",VERIFIED,1:1,"verified register/immediate lowering; retained width splits, software expansion, and intermediate-value routing",1:1,1:1,1:1,
11_half_precision,H04,fma_f16,"fma.rn.f16 %h2, %h0, %h1, %h2;",3,3,32,1,6,2,"HFMA2 R0, R0.H0_H0, R0.H1_H1, R2.H0_H0",1,"HFMA2 R0, R0.H0_H0, R0.H1_H1, R2.H0_H0",,16,1,3,0,"HFMA2 R0, R0.H0_H0, 2, 2, RZ.H0_H0",1,"HFMA2 R0, R0.H0_H0, 2, 2, RZ.H0_H0",,1,"HFMA2 R0, R0.H0_H0, R0.H1_H1, R2.H0_H0",VERIFIED,1:1,"verified register/immediate lowering; retained width splits, software expansion, and intermediate-value routing",1:1,1:1,1:1,O3 source locations interleaved by scheduling; O3 core sequence is advisory only; 
11_half_precision,H05,add_f16x2,"add.f16x2 %v2, %v0, %v1;",3,2,32,1,6,2,"HADD2 R0, R0, R2",1,"HADD2 R0, R0, R2",,16,1,3,0,"HADD2 R5, R5.H0_H0, 1, 1",1,"HADD2 R5, R5.H0_H0, 1, 1",,1,"HADD2 R0, R0, R2",VERIFIED,1:1,"verified register/immediate lowering; retained width splits, software expansion, and intermediate-value routing",1:1,1:1,1:1,O3 source locations interleaved by scheduling; O3 core sequence is advisory only; 
11_half_precision,H06,sub_f16x2,"sub.f16x2 %v2, %v0, %v1;",3,2,32,1,6,2,"HADD2 R0, R0, -R2",1,"HADD2 R0, R0, -R2",,16,1,3,0,"HADD2 R5, -R5.H0_H0, 2, 2",1,"HADD2 R5, -R5.H0_H0, 2, 2",,1,"HADD2 R0, R0, -R2",VERIFIED,1:1,"verified register/immediate lowering; retained width splits, software expansion, and intermediate-value routing",1:1,1:1,1:1,O3 source locations interleaved by scheduling; O3 core sequence is advisory only; 
11_half_precision,H07,mul_f16x2,"mul.f16x2 %v2, %v0, %v1;",3,2,32,1,6,2,"HMUL2 R0, R0, R2",1,"HMUL2 R0, R0, R2",,16,1,3,0,"HMUL2 R5, R5.H0_H0, 1, 1",1,"HMUL2 R5, R5.H0_H0, 1, 1",,1,"HMUL2 R0, R0, R2",VERIFIED,1:1,"verified register/immediate lowering; retained width splits, software expansion, and intermediate-value routing",1:1,1:1,1:1,O3 source locations interleaved by scheduling; O3 core sequence is advisory only; 
11_half_precision,H08,fma_f16x2,"fma.rn.f16x2 %v2, %v0, %v1, %v2;",3,3,32,1,6,2,"HFMA2 R0, R0, R2, R3",1,"HFMA2 R0, R0, R2, R3",,16,1,3,0,"HADD2 R5, R5.H0_H0, RZ.H0_H0",1,"HADD2 R5, R5.H0_H0, RZ.H0_H0",,1,"HFMA2 R0, R0, R2, R3",VERIFIED,1:1,"verified register/immediate lowering; retained width splits, software expansion, and intermediate-value routing",1:1,1:1,1:1,O3 source locations interleaved by scheduling; O3 core sequence is advisory only; 
11_half_precision,H09,max_f16x2,"max.f16x2 %v2, %v0, %v1;",3,2,32,1,6,2,"HMNMX2 R0, R0, R2, !PT",1,"HMNMX2 R0, R0, R2, !PT",,16,1,3,0,"HMNMX2 R5, R5.H0_H0, 1, 1, !PT",1,"HMNMX2 R5, R5.H0_H0, 1, 1, !PT",,1,"HMNMX2 R0, R0, R2, !PT",VERIFIED,1:1,"verified register/immediate lowering; retained width splits, software expansion, and intermediate-value routing",1:1,1:1,1:1,O3 source locations interleaved by scheduling; O3 core sequence is advisory only; 
11_half_precision,H10,min_f16x2,"min.f16x2 %v2, %v0, %v1;",3,2,32,1,6,2,"HMNMX2 R0, R0, R2, PT",1,"HMNMX2 R0, R0, R2, PT",,16,1,3,0,"HMNMX2 R5, R5.H0_H0, 1, 1, PT",1,"HMNMX2 R5, R5.H0_H0, 1, 1, PT",,1,"HMNMX2 R0, R0, R2, PT",VERIFIED,1:1,"verified register/immediate lowering; retained width splits, software expansion, and intermediate-value routing",1:1,1:1,1:1,O3 source locations interleaved by scheduling; O3 core sequence is advisory only; 
11_half_precision,H11,neg_f16x2,"neg.f16x2 %v1, %v0;",2,1,32,1,6,3,"HADD2 R0, -R0, -RZ.H0_H0",1,"HADD2 R0, -R0, -RZ.H0_H0",,24,0,3,0,,0,,,1,"HADD2 R0, -R0, -RZ.H0_H0",VERIFIED,1:1,"verified register/immediate lowering; retained width splits, software expansion, and intermediate-value routing",1:1,1:1,1:1,O0 target source location coalesced into setup line 10; 
11_half_precision,H12,abs_f16x2,"abs.f16x2 %v1, %v0;",2,1,32,1,6,3,"HADD2 R0, |R0|, -RZ.H0_H0",1,"HADD2 R0, |R0|, -RZ.H0_H0",,24,0,3,0,,0,,,1,"HADD2 R0, |R0|, -RZ.H0_H0",VERIFIED,1:1,"verified register/immediate lowering; retained width splits, software expansion, and intermediate-value routing",1:1,1:1,1:1,O0 target source location coalesced into setup line 10; 
11_half_precision,H13,max_f16,"max.f16 %h2, %h0, %h1;",3,2,32,1,6,2,"HMNMX2 R0, R0.H0_H0, R0.H1_H1, !PT",1,"HMNMX2 R0, R0.H0_H0, R0.H1_H1, !PT",,16,1,3,0,"HMNMX2 R0, R0.H0_H0, 2, 2, !PT",1,"HMNMX2 R0, R0.H0_H0, 2, 2, !PT",,1,"HMNMX2 R0, R0.H0_H0, R0.H1_H1, !PT",VERIFIED,1:1,"verified register/immediate lowering; retained width splits, software expansion, and intermediate-value routing",1:1,1:1,1:1,O3 source locations interleaved by scheduling; O3 core sequence is advisory only; 
11_half_precision,H14,min_f16,"min.f16 %h2, %h0, %h1;",3,2,32,1,6,2,"HMNMX2 R0, R0.H0_H0, R0.H1_H1, PT",1,"HMNMX2 R0, R0.H0_H0, R0.H1_H1, PT",,16,1,3,0,"HMNMX2 R0, R0.H0_H0, 2, 2, PT",1,"HMNMX2 R0, R0.H0_H0, 2, 2, PT",,1,"HMNMX2 R0, R0.H0_H0, R0.H1_H1, PT",VERIFIED,1:1,"verified register/immediate lowering; retained width splits, software expansion, and intermediate-value routing",1:1,1:1,1:1,O3 source locations interleaved by scheduling; O3 core sequence is advisory only; 
11_half_precision,H15,setp_f16,"setp.gt.f16 %p0, %h0, %h1;",3,2,48,1,6,3,"HSETP2.GT.AND P0, PT, R0.H0_H0, R0.H1_H1, PT",1,"HSETP2.GT.AND P0, PT, R0.H0_H0, R0.H1_H1, PT",,24,1,4,1,"HSETP2.LEU.AND P0, PT, R0.H0_H0, 1, 1, PT",1,"HSETP2.LEU.AND P0, PT, R0.H0_H0, 1, 1, PT",,1,"HSETP2.GT.AND P0, PT, R0.H0_H0, R0.H1_H1, PT",VERIFIED,1:1,"verified register/immediate lowering; retained width splits, software expansion, and intermediate-value routing",1:1,1:1,1:1,
12_bf16,BF01,add_bf16,"add.bf16 %b2, %b0, %b1;",3,2,32,1,6,2,"HADD2.BF16_V2 R0, R0.H0_H0, R0.H1_H1",1,"HADD2.BF16_V2 R0, R0.H0_H0, R0.H1_H1",,16,1,3,0,"HADD2.BF16_V2 R0, R0.H0_H0, 2, 2",1,"HADD2.BF16_V2 R0, R0.H0_H0, 2, 2",,1,"HADD2.BF16_V2 R0, R0.H0_H0, R0.H1_H1",VERIFIED,1:1,"verified register/immediate lowering; retained width splits, software expansion, and intermediate-value routing",1:1,1:1,1:1,O3 source locations interleaved by scheduling; O3 core sequence is advisory only; 
12_bf16,BF02,sub_bf16,"sub.bf16 %b2, %b0, %b1;",3,2,32,1,6,2,"HADD2.BF16_V2 R0, R0.H0_H0, -R0.H1_H1",1,"HADD2.BF16_V2 R0, R0.H0_H0, -R0.H1_H1",,16,1,3,0,"HADD2.BF16_V2 R0, R0.H0_H0, -1, -1",1,"HADD2.BF16_V2 R0, R0.H0_H0, -1, -1",,1,"HADD2.BF16_V2 R0, R0.H0_H0, -R0.H1_H1",VERIFIED,1:1,"verified register/immediate lowering; retained width splits, software expansion, and intermediate-value routing",1:1,1:1,1:1,O3 source locations interleaved by scheduling; O3 core sequence is advisory only; 
12_bf16,BF03,mul_bf16,"mul.bf16 %b2, %b0, %b1;",3,2,32,1,6,2,"HMUL2.BF16_V2 R0, R0.H0_H0, R0.H1_H1",1,"HMUL2.BF16_V2 R0, R0.H0_H0, R0.H1_H1",,16,0,3,0,,0,,,1,"HMUL2.BF16_V2 R0, R0.H0_H0, R0.H1_H1",VERIFIED,1:1,"verified register/immediate lowering; retained width splits, software expansion, and intermediate-value routing",1:1,1:1,1:1,
12_bf16,BF04,fma_bf16,"fma.rn.bf16 %b2, %b0, %b1, %b2;",3,3,32,1,6,2,"HFMA2.BF16_V2 R0, R0.H0_H0, R0.H1_H1, R2.H0_H0",1,"HFMA2.BF16_V2 R0, R0.H0_H0, R0.H1_H1, R2.H0_H0",,16,1,3,0,"HADD2.BF16_V2 R0, R0.H0_H0, RZ.H0_H0",1,"HADD2.BF16_V2 R0, R0.H0_H0, RZ.H0_H0",,1,"HFMA2.BF16_V2 R0, R0.H0_H0, R0.H1_H1, R2.H0_H0",VERIFIED,1:1,"verified register/immediate lowering; retained width splits, software expansion, and intermediate-value routing",1:1,1:1,1:1,O3 source locations interleaved by scheduling; O3 core sequence is advisory only; 
12_bf16,BF05,add_bf16x2,"add.bf16x2 %v2, %v0, %v1;",3,2,32,1,6,2,"HADD2.BF16_V2 R0, R0, R2",1,"HADD2.BF16_V2 R0, R0, R2",,16,1,3,0,"HADD2.BF16_V2 R5, R5.H0_H0, 1, 1",1,"HADD2.BF16_V2 R5, R5.H0_H0, 1, 1",,1,"HADD2.BF16_V2 R0, R0, R2",VERIFIED,1:1,"verified register/immediate lowering; retained width splits, software expansion, and intermediate-value routing",1:1,1:1,1:1,O3 source locations interleaved by scheduling; O3 core sequence is advisory only; 
12_bf16,BF06,sub_bf16x2,"sub.bf16x2 %v2, %v0, %v1;",3,2,32,1,6,2,"HADD2.BF16_V2 R0, R0, -R2",1,"HADD2.BF16_V2 R0, R0, -R2",,16,1,3,0,"HADD2.BF16_V2 R5, -R5.H0_H0, 2, 2",1,"HADD2.BF16_V2 R5, -R5.H0_H0, 2, 2",,1,"HADD2.BF16_V2 R0, R0, -R2",VERIFIED,1:1,"verified register/immediate lowering; retained width splits, software expansion, and intermediate-value routing",1:1,1:1,1:1,O3 source locations interleaved by scheduling; O3 core sequence is advisory only; 
12_bf16,BF07,mul_bf16x2,"mul.bf16x2 %v2, %v0, %v1;",3,2,32,1,6,2,"HMUL2.BF16_V2 R0, R0, R2",1,"HMUL2.BF16_V2 R0, R0, R2",,16,1,3,0,"HMUL2.BF16_V2 R5, R5.H0_H0, 1, 1",1,"HMUL2.BF16_V2 R5, R5.H0_H0, 1, 1",,1,"HMUL2.BF16_V2 R0, R0, R2",VERIFIED,1:1,"verified register/immediate lowering; retained width splits, software expansion, and intermediate-value routing",1:1,1:1,1:1,O3 source locations interleaved by scheduling; O3 core sequence is advisory only; 
12_bf16,BF08,fma_bf16x2,"fma.rn.bf16x2 %v2, %v0, %v1, %v2;",3,3,32,1,6,2,"HFMA2.BF16_V2 R0, R0, R2, R3",1,"HFMA2.BF16_V2 R0, R0, R2, R3",,16,1,3,0,"HADD2.BF16_V2 R5, R5.H0_H0, RZ.H0_H0",1,"HADD2.BF16_V2 R5, R5.H0_H0, RZ.H0_H0",,1,"HFMA2.BF16_V2 R0, R0, R2, R3",VERIFIED,1:1,"verified register/immediate lowering; retained width splits, software expansion, and intermediate-value routing",1:1,1:1,1:1,O3 source locations interleaved by scheduling; O3 core sequence is advisory only; 
12_bf16,BF09,max_bf16x2,"max.bf16x2 %v2, %v0, %v1;",3,2,32,1,6,2,"HMNMX2.BF16_V2 R0, R0, R2, !PT",1,"HMNMX2.BF16_V2 R0, R0, R2, !PT",,16,1,3,0,"HMNMX2.BF16_V2 R5, R5.H0_H0, 1, 1, !PT",1,"HMNMX2.BF16_V2 R5, R5.H0_H0, 1, 1, !PT",,1,"HMNMX2.BF16_V2 R0, R0, R2, !PT",VERIFIED,1:1,"verified register/immediate lowering; retained width splits, software expansion, and intermediate-value routing",1:1,1:1,1:1,O3 source locations interleaved by scheduling; O3 core sequence is advisory only; 
12_bf16,BF10,neg_bf16x2,"neg.bf16x2 %v1, %v0;",2,1,32,1,6,3,"HFMA2.BF16_V2 R0, -RZ.H0_H0, RZ.H0_H0, -R0",1,"HFMA2.BF16_V2 R0, -RZ.H0_H0, RZ.H0_H0, -R0",,16,1,3,0,"HFMA2.BF16_V2 R5, -RZ.H0_H0, RZ.H0_H0, -1, -1",1,"HFMA2.BF16_V2 R5, -RZ.H0_H0, RZ.H0_H0, -1, -1",,1,"HFMA2.BF16_V2 R0, -RZ.H0_H0, RZ.H0_H0, -R0",VERIFIED,1:1,"verified register/immediate lowering; retained width splits, software expansion, and intermediate-value routing",1:1,1:1,1:1,O3 source locations interleaved by scheduling; O3 core sequence is advisory only; 
13_warp_comm,W01,shfl_bfly,"shfl.sync.bfly.b32 %r1, %r0, 1, 0x1f, 0xFFFFFFFF;",2,1,40,9,7,4,"MOV R2, R0 | MOV R3, 0x1 | MOV R6, 0x1f | MOV R0, 0xffffffff | WARPSYNC.COLLECTIVE R0, `(.L_x_0) | SHFL.BFLY P0, R0, R2, R3, R6 | ENDCOLLECTIVE | MOV R0, R0 | MOV R0, R0",7,"MOV R2, R0 | MOV R3, 0x1 | MOV R6, 0x1f | MOV R0, 0xffffffff | WARPSYNC.COLLECTIVE R0, `(.L_x_0) | SHFL.BFLY P0, R0, R2, R3, R6 | ENDCOLLECTIVE",removed 2 identity MOV,16,1,3,0,"SHFL.BFLY PT, R5, R5, 0x1, 0x1f",1,"SHFL.BFLY PT, R5, R5, 0x1, 0x1f",,3,"WARPSYNC.COLLECTIVE R0, `(.L_x_0) | SHFL.BFLY P0, R0, R2, R3, R6 | ENDCOLLECTIVE",VERIFIED,1:N,verified warp collective protocol; excluded input/mask setup and predicate normalization,1:N,1:N,1:N,O3 source locations interleaved by scheduling; O3 core sequence is advisory only; 
13_warp_comm,W02,shfl_up,"shfl.sync.up.b32 %r1, %r0, 1, 0, 0xFFFFFFFF;",2,1,40,9,7,4,"MOV R2, R0 | MOV R3, 0x1 | MOV R6, RZ | MOV R0, 0xffffffff | WARPSYNC.COLLECTIVE R0, `(.L_x_0) | SHFL.UP P0, R0, R2, R3, R6 | ENDCOLLECTIVE | MOV R0, R0 | MOV R0, R0",7,"MOV R2, R0 | MOV R3, 0x1 | MOV R6, RZ | MOV R0, 0xffffffff | WARPSYNC.COLLECTIVE R0, `(.L_x_0) | SHFL.UP P0, R0, R2, R3, R6 | ENDCOLLECTIVE",removed 2 identity MOV,16,1,3,0,"SHFL.UP PT, R5, R5, 0x1, RZ",1,"SHFL.UP PT, R5, R5, 0x1, RZ",,3,"WARPSYNC.COLLECTIVE R0, `(.L_x_0) | SHFL.UP P0, R0, R2, R3, R6 | ENDCOLLECTIVE",VERIFIED,1:N,verified warp collective protocol; excluded input/mask setup and predicate normalization,1:N,1:N,1:N,O3 source locations interleaved by scheduling; O3 core sequence is advisory only; 
13_warp_comm,W03,shfl_down,"shfl.sync.down.b32 %r1, %r0, 1, 0x1f, 0xFFFFFFFF;",2,1,40,9,7,4,"MOV R2, R0 | MOV R3, 0x1 | MOV R6, 0x1f | MOV R0, 0xffffffff | WARPSYNC.COLLECTIVE R0, `(.L_x_0) | SHFL.DOWN P0, R0, R2, R3, R6 | ENDCOLLECTIVE | MOV R0, R0 | MOV R0, R0",7,"MOV R2, R0 | MOV R3, 0x1 | MOV R6, 0x1f | MOV R0, 0xffffffff | WARPSYNC.COLLECTIVE R0, `(.L_x_0) | SHFL.DOWN P0, R0, R2, R3, R6 | ENDCOLLECTIVE",removed 2 identity MOV,16,1,3,0,"SHFL.DOWN PT, R5, R5, 0x1, 0x1f",1,"SHFL.DOWN PT, R5, R5, 0x1, 0x1f",,3,"WARPSYNC.COLLECTIVE R0, `(.L_x_0) | SHFL.DOWN P0, R0, R2, R3, R6 | ENDCOLLECTIVE",VERIFIED,1:N,verified warp collective protocol; excluded input/mask setup and predicate normalization,1:N,1:N,1:N,O3 source locations interleaved by scheduling; O3 core sequence is advisory only; 
13_warp_comm,W04,shfl_idx,"shfl.sync.idx.b32 %r1, %r0, 0, 0x1f, 0xFFFFFFFF;",2,1,40,9,7,4,"MOV R2, R0 | MOV R3, RZ | MOV R6, 0x1f | MOV R0, 0xffffffff | WARPSYNC.COLLECTIVE R0, `(.L_x_0) | SHFL.IDX P0, R0, R2, R3, R6 | ENDCOLLECTIVE | MOV R0, R0 | MOV R0, R0",7,"MOV R2, R0 | MOV R3, RZ | MOV R6, 0x1f | MOV R0, 0xffffffff | WARPSYNC.COLLECTIVE R0, `(.L_x_0) | SHFL.IDX P0, R0, R2, R3, R6 | ENDCOLLECTIVE",removed 2 identity MOV,16,1,3,0,"SHFL.IDX PT, R5, R5, RZ, 0x1f",1,"SHFL.IDX PT, R5, R5, RZ, 0x1f",,3,"WARPSYNC.COLLECTIVE R0, `(.L_x_0) | SHFL.IDX P0, R0, R2, R3, R6 | ENDCOLLECTIVE",VERIFIED,1:N,verified warp collective protocol; excluded input/mask setup and predicate normalization,1:N,1:N,1:N,O3 source locations interleaved by scheduling; O3 core sequence is advisory only; 
13_warp_comm,W05,redux_add_s32,"redux.sync.add.s32 %r1, %r0, 0xFFFFFFFF;",2,1,32,8,6,3,"MOV R2, R0 | MOV R0, 0xffffffff | WARPSYNC.COLLECTIVE R0, `(.L_x_0) | REDUX.SUM.S32 UR79, R2 | MOV R0, UR79 | ENDCOLLECTIVE | MOV R0, R0 | MOV R0, R0",6,"MOV R2, R0 | MOV R0, 0xffffffff | WARPSYNC.COLLECTIVE R0, `(.L_x_0) | REDUX.SUM.S32 UR79, R2 | MOV R0, UR79 | ENDCOLLECTIVE",removed 2 identity MOV,24,3,4,1,"HFMA2 R0, -RZ, RZ, 0, 5.9604644775390625e-08 | REDUX.SUM.S32 UR6, R0 | MOV R5, UR6",3,"HFMA2 R0, -RZ, RZ, 0, 5.9604644775390625e-08 | REDUX.SUM.S32 UR6, R0 | MOV R5, UR6",,4,"WARPSYNC.COLLECTIVE R0, `(.L_x_0) | REDUX.SUM.S32 UR79, R2 | MOV R0, UR79 | ENDCOLLECTIVE",VERIFIED,1:N,verified warp collective protocol; excluded input/mask setup and predicate normalization,1:N,1:N,1:N,O3 source locations interleaved by scheduling; O3 core sequence is advisory only; 
13_warp_comm,W06,redux_max_s32,"redux.sync.max.s32 %r1, %r0, 0xFFFFFFFF;",2,1,40,8,6,3,"MOV R2, R0 | MOV R0, 0xffffffff | WARPSYNC.COLLECTIVE R0, `(.L_x_0) | CREDUX.MAX.S32 UR79, R2 | MOV R0, UR79 | ENDCOLLECTIVE | MOV R0, R0 | MOV R0, R0",6,"MOV R2, R0 | MOV R0, 0xffffffff | WARPSYNC.COLLECTIVE R0, `(.L_x_0) | CREDUX.MAX.S32 UR79, R2 | MOV R0, UR79 | ENDCOLLECTIVE",removed 2 identity MOV,24,2,4,1,"CREDUX.MAX.S32 UR6, R0 | MOV R5, UR6",2,"CREDUX.MAX.S32 UR6, R0 | MOV R5, UR6",,4,"WARPSYNC.COLLECTIVE R0, `(.L_x_0) | CREDUX.MAX.S32 UR79, R2 | MOV R0, UR79 | ENDCOLLECTIVE",VERIFIED,1:N,verified warp collective protocol; excluded input/mask setup and predicate normalization,1:N,1:N,1:N,O3 source locations interleaved by scheduling; O3 core sequence is advisory only; 
13_warp_comm,W07,redux_add_f32,"redux.sync.add.f32 %f1, %f0, 0xFFFFFFFF;",2,1,-1,-1,0,0,,0,,,-1,-1,0,0,,0,,,-1,,NOT_APPLICABLE,UNSUPPORTED_BY_PTX_ISA,PTX ISA 9.3 permits .add only with .u32/.s32; .f32 permits only .min/.max,UNSUPPORTED_BY_PTX_ISA,UNSUPPORTED_BY_PTX_ISA,UNSUPPORTED_BY_PTX_ISA,O0 SASS not found; O3 SASS not found; PTX ISA 9.3 permits .add only with .u32/.s32; .f32 permits only .min/.max; 
13_warp_comm,W08,redux_max_f32,"redux.sync.max.f32 %f1, %f0, 0xFFFFFFFF;",2,1,32,8,6,3,"MOV R2, R0 | MOV R0, 0xffffffff | WARPSYNC.COLLECTIVE R0, `(.L_x_0) | CREDUX.MAX.F32 UR79, R2 | MOV R0, UR79 | ENDCOLLECTIVE | MOV R0, R0 | MOV R0, R0",6,"MOV R2, R0 | MOV R0, 0xffffffff | WARPSYNC.COLLECTIVE R0, `(.L_x_0) | CREDUX.MAX.F32 UR79, R2 | MOV R0, UR79 | ENDCOLLECTIVE",removed 2 identity MOV,24,4,4,1,"IMAD.MOV.U32 R0, RZ, RZ, 0x3f800000 | LDCU.64 UR4, c[0x0][0x358] | CREDUX.MAX.F32 UR6, R0 | MOV R5, UR6",4,"IMAD.MOV.U32 R0, RZ, RZ, 0x3f800000 | LDCU.64 UR4, c[0x0][0x358] | CREDUX.MAX.F32 UR6, R0 | MOV R5, UR6",,4,"WARPSYNC.COLLECTIVE R0, `(.L_x_0) | CREDUX.MAX.F32 UR79, R2 | MOV R0, UR79 | ENDCOLLECTIVE",VERIFIED,1:N,verified warp collective protocol; excluded input/mask setup and predicate normalization,1:N,1:N,1:N,O3 source locations interleaved by scheduling; O3 core sequence is advisory only; 
13_warp_comm,W09,redux_xor_b32,"redux.sync.xor.b32 %r1, %r0, 0xFFFFFFFF;",2,1,40,8,6,3,"MOV R2, R0 | MOV R0, 0xffffffff | WARPSYNC.COLLECTIVE R0, `(.L_x_0) | REDUX.XOR UR79, R2 | MOV R0, UR79 | ENDCOLLECTIVE | MOV R0, R0 | MOV R0, R0",6,"MOV R2, R0 | MOV R0, 0xffffffff | WARPSYNC.COLLECTIVE R0, `(.L_x_0) | REDUX.XOR UR79, R2 | MOV R0, UR79 | ENDCOLLECTIVE",removed 2 identity MOV,24,2,4,1,"REDUX.XOR UR6, R0 | MOV R5, UR6",2,"REDUX.XOR UR6, R0 | MOV R5, UR6",,4,"WARPSYNC.COLLECTIVE R0, `(.L_x_0) | REDUX.XOR UR79, R2 | MOV R0, UR79 | ENDCOLLECTIVE",VERIFIED,1:N,verified warp collective protocol; excluded input/mask setup and predicate normalization,1:N,1:N,1:N,O3 source locations interleaved by scheduling; O3 core sequence is advisory only; 
13_warp_comm,W10,vote_all,"vote.sync.all.pred %p1, %p0, 0xFFFFFFFF;",3,1,48,7,6,4,"PLOP3.LUT P0, PT, P0, PT, PT, 0x80, 0x8 | MOV R0, 0xffffffff | WARPSYNC.COLLECTIVE R0, `(.L_x_0) | VOTE.ALL P0, P0 | ENDCOLLECTIVE | PLOP3.LUT P0, PT, P0, PT, PT, 0x80, 0x8 | PLOP3.LUT P0, PT, P0, PT, PT, 0x80, 0x8",7,"PLOP3.LUT P0, PT, P0, PT, PT, 0x80, 0x8 | MOV R0, 0xffffffff | WARPSYNC.COLLECTIVE R0, `(.L_x_0) | VOTE.ALL P0, P0 | ENDCOLLECTIVE | PLOP3.LUT P0, PT, P0, PT, PT, 0x80, 0x8 | PLOP3.LUT P0, PT, P0, PT, PT, 0x80, 0x8",,24,1,4,2,"VOTE.ALL P0, P0",1,"VOTE.ALL P0, P0",,3,"WARPSYNC.COLLECTIVE R0, `(.L_x_0) | VOTE.ALL P0, P0 | ENDCOLLECTIVE",VERIFIED,1:N,verified warp collective protocol; excluded input/mask setup and predicate normalization,1:N,1:N,1:N,
13_warp_comm,W11,vote_any,"vote.sync.any.pred %p1, %p0, 0xFFFFFFFF;",3,1,48,7,6,4,"PLOP3.LUT P0, PT, P0, PT, PT, 0x80, 0x8 | MOV R0, 0xffffffff | WARPSYNC.COLLECTIVE R0, `(.L_x_0) | VOTE.ANY P0, P0 | ENDCOLLECTIVE | PLOP3.LUT P0, PT, P0, PT, PT, 0x80, 0x8 | PLOP3.LUT P0, PT, P0, PT, PT, 0x80, 0x8",7,"PLOP3.LUT P0, PT, P0, PT, PT, 0x80, 0x8 | MOV R0, 0xffffffff | WARPSYNC.COLLECTIVE R0, `(.L_x_0) | VOTE.ANY P0, P0 | ENDCOLLECTIVE | PLOP3.LUT P0, PT, P0, PT, PT, 0x80, 0x8 | PLOP3.LUT P0, PT, P0, PT, PT, 0x80, 0x8",,24,1,4,2,"VOTE.ANY P0, !P0",1,"VOTE.ANY P0, !P0",,3,"WARPSYNC.COLLECTIVE R0, `(.L_x_0) | VOTE.ANY P0, P0 | ENDCOLLECTIVE",VERIFIED,1:N,verified warp collective protocol; excluded input/mask setup and predicate normalization,1:N,1:N,1:N,
13_warp_comm,W12,vote_ballot,"vote.sync.ballot.b32 %r0, %p0, 0xFFFFFFFF;",3,1,40,7,6,3,"PLOP3.LUT P0, PT, P0, PT, PT, 0x80, 0x8 | MOV R0, 0xffffffff | WARPSYNC.COLLECTIVE R0, `(.L_x_0) | VOTE.ANY R0, PT, P0 | ENDCOLLECTIVE | MOV R0, R0 | MOV R0, R0",5,"PLOP3.LUT P0, PT, P0, PT, PT, 0x80, 0x8 | MOV R0, 0xffffffff | WARPSYNC.COLLECTIVE R0, `(.L_x_0) | VOTE.ANY R0, PT, P0 | ENDCOLLECTIVE",removed 2 identity MOV,24,1,4,1,"VOTE.ANY R5, PT, P0",1,"VOTE.ANY R5, PT, P0",,3,"WARPSYNC.COLLECTIVE R0, `(.L_x_0) | VOTE.ANY R0, PT, P0 | ENDCOLLECTIVE",VERIFIED,1:N,verified warp collective protocol; excluded input/mask setup and predicate normalization,1:N,1:N,1:N,O3 source locations interleaved by scheduling; O3 core sequence is advisory only; 
13_warp_comm,W13,match_any,"match.sync.any.b32 %r1, %r0, 0xFFFFFFFF;",2,1,32,7,6,3,"MOV R2, R0 | MOV R0, 0xffffffff | WARPSYNC.COLLECTIVE R0, `(.L_x_0) | MATCH.ANY R0, R2 | ENDCOLLECTIVE | MOV R0, R0 | MOV R0, R0",5,"MOV R2, R0 | MOV R0, 0xffffffff | WARPSYNC.COLLECTIVE R0, `(.L_x_0) | MATCH.ANY R0, R2 | ENDCOLLECTIVE",removed 2 identity MOV,16,1,3,0,"MATCH.ANY R5, R5",1,"MATCH.ANY R5, R5",,3,"WARPSYNC.COLLECTIVE R0, `(.L_x_0) | MATCH.ANY R0, R2 | ENDCOLLECTIVE",VERIFIED,1:N,verified warp collective protocol; excluded input/mask setup and predicate normalization,1:N,1:N,1:N,O3 source locations interleaved by scheduling; O3 core sequence is advisory only; 
13_warp_comm,W14,elect_sync,"elect.sync %r0|%p0, 0xFFFFFFFF;",2,0,64,7,6,4,"MOV R0, 0xffffffff | WARPSYNC.COLLECTIVE R0, `(.L_x_0) | ELECT P0, UR79, PT | MOV R0, UR79 | ENDCOLLECTIVE | PLOP3.LUT P0, PT, P0, PT, PT, 0x80, 0x8 | MOV R0, R0",6,"MOV R0, 0xffffffff | WARPSYNC.COLLECTIVE R0, `(.L_x_0) | ELECT P0, UR79, PT | MOV R0, UR79 | ENDCOLLECTIVE | PLOP3.LUT P0, PT, P0, PT, PT, 0x80, 0x8",removed 1 identity MOV,24,2,4,2,"ELECT P0, UR6, PT | IMAD.U32 R5, RZ, RZ, UR6",2,"ELECT P0, UR6, PT | IMAD.U32 R5, RZ, RZ, UR6",,4,"WARPSYNC.COLLECTIVE R0, `(.L_x_0) | ELECT P0, UR79, PT | MOV R0, UR79 | ENDCOLLECTIVE",VERIFIED,1:N,verified warp collective protocol; excluded input/mask setup and predicate normalization,1:N,1:N,1:N,O3 source locations interleaved by scheduling; O3 core sequence is advisory only; 
14_bit_ops,BT01,lop3_b32,"lop3.b32 %r3, %r0, %r1, %r2, 0xE8;",4,3,32,1,6,1,"LOP3.LUT R0, R0, R2, R3, 0xe8, !PT",1,"LOP3.LUT R0, R0, R2, R3, 0xe8, !PT",,24,3,4,0,"HFMA2 R0, -RZ, RZ, -19.1875, -19.1875 | IMAD.MOV.U32 R5, RZ, RZ, -0xff0100 | LOP3.LUT R5, R5, 0xf0f0f0f0, R0, 0xe8, !PT",3,"HFMA2 R0, -RZ, RZ, -19.1875, -19.1875 | IMAD.MOV.U32 R5, RZ, RZ, -0xff0100 | LOP3.LUT R5, R5, 0xf0f0f0f0, R0, 0xe8, !PT",,1,"LOP3.LUT R0, R0, R2, R3, 0xe8, !PT",VERIFIED,1:1,"verified register/immediate lowering; retained width splits, software expansion, and intermediate-value routing",1:1,1:1,1:1,O3 source locations interleaved by scheduling; O3 core sequence is advisory only; 
14_bit_ops,BT02,prmt_b32,"prmt.b32 %r2, %r0, %r1, 0x3210;",3,2,32,1,6,2,"PRMT R0, R0, 0x3210, R2",1,"PRMT R0, R0, 0x3210, R2",,24,4,4,0,"IMAD.MOV.U32 R5, RZ, RZ, 0x3210 | UMOV UR6, 0xaabbccdd | MOV R0, UR6 | PRMT R5, R0, R5, 0x11223344",4,"IMAD.MOV.U32 R5, RZ, RZ, 0x3210 | UMOV UR6, 0xaabbccdd | MOV R0, UR6 | PRMT R5, R0, R5, 0x11223344",,1,"PRMT R0, R0, 0x3210, R2",VERIFIED,1:1,"verified register/immediate lowering; retained width splits, software expansion, and intermediate-value routing",1:1,1:1,1:1,O3 source locations interleaved by scheduling; O3 core sequence is advisory only; 
14_bit_ops,BT03,prmt_f4e,"prmt.b32.f4e %r2, %r0, %r1, 0x5432;",3,2,32,1,6,2,"PRMT.F4E R0, R0, 0x5432, R2",1,"PRMT.F4E R0, R0, 0x5432, R2",,24,4,4,0,"IMAD.MOV.U32 R5, RZ, RZ, 0x5432 | UMOV UR6, 0xaabbccdd | MOV R0, UR6 | PRMT.F4E R5, R0, R5, 0x11223344",4,"IMAD.MOV.U32 R5, RZ, RZ, 0x5432 | UMOV UR6, 0xaabbccdd | MOV R0, UR6 | PRMT.F4E R5, R0, R5, 0x11223344",,1,"PRMT.F4E R0, R0, 0x5432, R2",VERIFIED,1:1,"verified register/immediate lowering; retained width splits, software expansion, and intermediate-value routing",1:1,1:1,1:1,O3 source locations interleaved by scheduling; O3 core sequence is advisory only; 
14_bit_ops,BT04,bfe_u32,"bfe.u32 %r1, %r0, 8, 4;",2,1,32,8,6,3,"MOV R2, 0x4 | SHF.L.U32 R2, R2, 0x8, RZ | MOV R3, 0x8 | LOP3.LUT R2, R2, 0xff00, R3, 0xe2, !PT | PRMT R3, RZ, 0x4, R2 | PRMT R2, RZ, 0x5, R2 | SHF.R.U32.HI R0, RZ, R3, R0 | SGXT.U32 R0, R0, R2",8,"MOV R2, 0x4 | SHF.L.U32 R2, R2, 0x8, RZ | MOV R3, 0x8 | LOP3.LUT R2, R2, 0xff00, R3, 0xe2, !PT | PRMT R3, RZ, 0x4, R2 | PRMT R2, RZ, 0x5, R2 | SHF.R.U32.HI R0, RZ, R3, R0 | SGXT.U32 R0, R0, R2",,16,0,3,0,,0,,,8,"MOV R2, 0x4 | SHF.L.U32 R2, R2, 0x8, RZ | MOV R3, 0x8 | LOP3.LUT R2, R2, 0xff00, R3, 0xe2, !PT | PRMT R3, RZ, 0x4, R2 | PRMT R2, RZ, 0x5, R2 | SHF.R.U32.HI R0, RZ, R3, R0 | SGXT.U32 R0, R0, R2",VERIFIED,1:N,"verified register/immediate lowering; retained width splits, software expansion, and intermediate-value routing",1:N,1:N,1:N,
14_bit_ops,BT05,bfe_s32,"bfe.s32 %r1, %r0, 8, 4;",2,1,32,8,6,3,"MOV R2, 0x4 | SHF.L.U32 R2, R2, 0x8, RZ | MOV R3, 0x8 | LOP3.LUT R2, R2, 0xff00, R3, 0xe2, !PT | PRMT R3, RZ, 0x4, R2 | PRMT R2, RZ, 0x5, R2 | SHF.R.S32.HI R0, RZ, R3, R0 | SGXT R0, R0, R2",8,"MOV R2, 0x4 | SHF.L.U32 R2, R2, 0x8, RZ | MOV R3, 0x8 | LOP3.LUT R2, R2, 0xff00, R3, 0xe2, !PT | PRMT R3, RZ, 0x4, R2 | PRMT R2, RZ, 0x5, R2 | SHF.R.S32.HI R0, RZ, R3, R0 | SGXT R0, R0, R2",,16,0,3,0,,0,,,8,"MOV R2, 0x4 | SHF.L.U32 R2, R2, 0x8, RZ | MOV R3, 0x8 | LOP3.LUT R2, R2, 0xff00, R3, 0xe2, !PT | PRMT R3, RZ, 0x4, R2 | PRMT R2, RZ, 0x5, R2 | SHF.R.S32.HI R0, RZ, R3, R0 | SGXT R0, R0, R2",VERIFIED,1:N,"verified register/immediate lowering; retained width splits, software expansion, and intermediate-value routing",1:N,1:N,1:N,
14_bit_ops,BT06,bfi_b32,"bfi.b32 %r2, %r0, %r1, 8, 4;",3,2,40,9,7,3,"MOV R3, 0x4 | SHF.L.U32 R3, R3, 0x8, RZ | MOV R4, 0x8 | LOP3.LUT R3, R3, 0xff00, R4, 0xe2, !PT | PRMT R4, RZ, 0x4, R3 | PRMT R3, RZ, 0x5, R3 | BMSK R3, R4, R3 | SHF.L.U32 R0, R0, R4, RZ | LOP3.LUT R0, R0, R3, R2, 0xe2, !PT",9,"MOV R3, 0x4 | SHF.L.U32 R3, R3, 0x8, RZ | MOV R4, 0x8 | LOP3.LUT R3, R3, 0xff00, R4, 0xe2, !PT | PRMT R4, RZ, 0x4, R3 | PRMT R3, RZ, 0x5, R3 | BMSK R3, R4, R3 | SHF.L.U32 R0, R0, R4, RZ | LOP3.LUT R0, R0, R3, R2, 0xe2, !PT",,16,0,3,0,,0,,,9,"MOV R3, 0x4 | SHF.L.U32 R3, R3, 0x8, RZ | MOV R4, 0x8 | LOP3.LUT R3, R3, 0xff00, R4, 0xe2, !PT | PRMT R4, RZ, 0x4, R3 | PRMT R3, RZ, 0x5, R3 | BMSK R3, R4, R3 | SHF.L.U32 R0, R0, R4, RZ | LOP3.LUT R0, R0, R3, R2, 0xe2, !PT",VERIFIED,1:N,"verified register/immediate lowering; retained width splits, software expansion, and intermediate-value routing",1:N,1:N,1:N,
14_bit_ops,BT07,popc_b32,"popc.b32 %r1, %r0;",2,1,32,3,6,3,"LOP3.LUT R2, RZ, RZ, RZ, 0x33, !PT | LOP3.LUT R0, R0, R2, RZ, 0xc0, !PT | POPC R0, R0",3,"LOP3.LUT R2, RZ, RZ, RZ, 0x33, !PT | LOP3.LUT R0, R0, R2, RZ, 0xc0, !PT | POPC R0, R0",,16,0,3,0,,0,,,3,"LOP3.LUT R2, RZ, RZ, RZ, 0x33, !PT | LOP3.LUT R0, R0, R2, RZ, 0xc0, !PT | POPC R0, R0",VERIFIED,1:N,"verified register/immediate lowering; retained width splits, software expansion, and intermediate-value routing",1:N,1:N,1:N,
14_bit_ops,BT08,clz_b32,"clz.b32 %r1, %r0;",2,1,32,2,6,3,"FLO.U32 R0, R0 | IADD3 R0, PT, PT, -R0, 0x1f, RZ",2,"FLO.U32 R0, R0 | IADD3 R0, PT, PT, -R0, 0x1f, RZ",,16,0,3,0,,0,,,2,"FLO.U32 R0, R0 | IADD3 R0, PT, PT, -R0, 0x1f, RZ",VERIFIED,1:N,"verified register/immediate lowering; retained width splits, software expansion, and intermediate-value routing",1:N,1:N,1:N,
14_bit_ops,BT09,brev_b32,"brev.b32 %r1, %r0;",2,1,32,3,6,3,"BREV R0, R0 | SHF.R.U32.HI R0, RZ, RZ, R0 | SGXT.U32 R0, R0, 0x20",3,"BREV R0, R0 | SHF.R.U32.HI R0, RZ, RZ, R0 | SGXT.U32 R0, R0, 0x20",,16,0,3,0,,0,,,3,"BREV R0, R0 | SHF.R.U32.HI R0, RZ, RZ, R0 | SGXT.U32 R0, R0, 0x20",VERIFIED,1:N,"verified register/immediate lowering; retained width splits, software expansion, and intermediate-value routing",1:N,1:N,1:N,
14_bit_ops,BT10,fns_b32,"fns.b32 %r2, %r0, 0, %r1;",3,2,104,77,9,5,"ISETP.EQ.AND P1, PT, R2, RZ, PT | MOV R0, R0 | MOV R3, RZ | MOV R2, R2 | PLOP3.LUT P0, PT, PT, PT, PT, 0x8, 0x80 | @P1 BRA `(.L_x_0) | ISETP.GT.AND P1, PT, R2, RZ, PT | @P1 BRA `(.L_x_1) | BREV R0, R0 | SHF.R.U32.HI R0, RZ, RZ, R0 | SGXT.U32 R0, R0, 0x20 | IADD3 R3, PT, PT, -R3, 0x1f, RZ | MOV R0, R0 | MOV R3, R3 | IADD3 R2, PT, PT, RZ, -R2, RZ | MOV R2, R2 | MOV R2, R2 | PLOP3.LUT P0, PT, PT, PT, PT, 0x80, 0x8 | BRA `(.L_x_1) | MOV R2, 0x1 | SHF.L.U32 R2, R2, R3, RZ | LOP3.LUT R0, R0, R2, RZ, 0xc0, !PT | MOV R0, R0 | MOV R2, 0x1 | MOV R6, 0xffffffff | SHF.L.U32 R3, R6, R3, RZ | LOP3.LUT R3, R0, R3, RZ, 0xc0, !PT | POPC R0, R3 | ISETP.LT.AND P1, PT, R0, R2, PT | PRMT R0, R3, 0x7710, RZ | POPC R0, R0 | ISETP.LT.U32.AND P2, PT, R0, R2, PT | SHF.R.U32.HI R6, RZ, 0x10, R3 | IADD3 R0, PT, PT, R2, -R0, RZ | IADD3 R7, PT, PT, RZ, 0x10, RZ | SEL R6, R6, R3, P2 | SEL R0, R0, R2, P2 | SEL R7, R7, RZ, P2 | PRMT R2, R6, 0x7770, RZ | POPC R2, R2 | ISETP.LT.U32.AND P2, PT, R2, R0, PT | SHF.R.U32.HI R3, RZ, 0x8, R6 | IADD3 R2, PT, PT, R0, -R2, RZ | IADD3 R8, PT, PT, R7, 0x8, RZ | SEL R3, R3, R6, P2 | SEL R2, R2, R0, P2 | SEL R8, R8, R7, P2 | SHF.R.U32.HI R0, RZ, RZ, R3 | SGXT.U32 R0, R0, 0x4 | POPC R0, R0 | ISETP.LT.U32.AND P2, PT, R0, R2, PT | SHF.R.U32.HI R6, RZ, 0x4, R3 | IADD3 R0, PT, PT, R2, -R0, RZ | IADD3 R7, PT, PT, R8, 0x4, RZ | SEL R6, R6, R3, P2 | SEL R0, R0, R2, P2 | SEL R7, R7, R8, P2 | SHF.R.U32.HI R2, RZ, RZ, R6 | SGXT.U32 R2, R2, 0x1 | SHF.R.U32.HI R3, RZ, 0x1, R6 | SGXT.U32 R3, R3, 0x1 | IADD3 R2, PT, PT, R2, R3, RZ | ISETP.LT.U32.AND P2, PT, R2, R0, PT | SHF.R.U32.HI R3, RZ, 0x2, R6 | IADD3 R2, PT, PT, R0, -R2, RZ | IADD3 R8, PT, PT, R7, 0x2, RZ | SEL R3, R3, R6, P2 | SEL R2, R2, R0, P2 | SEL R8, R8, R7, P2 | SHF.R.U32.HI R0, RZ, RZ, R3 | SGXT.U32 R0, R0, 0x1 | ISETP.LT.U32.AND P2, PT, R0, R2, PT | IADD3 R0, PT, PT, R8, 0x1, RZ | SEL R0, R0, R8, P2 | IADD3 R2, PT, PT, -R0, 0x1f, RZ | SEL R0, R2, R0, P0 | SEL R0, R0, 0xffffffff, !P1",70,"ISETP.EQ.AND P1, PT, R2, RZ, PT | MOV R3, RZ | PLOP3.LUT P0, PT, PT, PT, PT, 0x8, 0x80 | @P1 BRA `(.L_x_0) | ISETP.GT.AND P1, PT, R2, RZ, PT | @P1 BRA `(.L_x_1) | BREV R0, R0 | SHF.R.U32.HI R0, RZ, RZ, R0 | SGXT.U32 R0, R0, 0x20 | IADD3 R3, PT, PT, -R3, 0x1f, RZ | IADD3 R2, PT, PT, RZ, -R2, RZ | PLOP3.LUT P0, PT, PT, PT, PT, 0x80, 0x8 | BRA `(.L_x_1) | MOV R2, 0x1 | SHF.L.U32 R2, R2, R3, RZ | LOP3.LUT R0, R0, R2, RZ, 0xc0, !PT | MOV R2, 0x1 | MOV R6, 0xffffffff | SHF.L.U32 R3, R6, R3, RZ | LOP3.LUT R3, R0, R3, RZ, 0xc0, !PT | POPC R0, R3 | ISETP.LT.AND P1, PT, R0, R2, PT | PRMT R0, R3, 0x7710, RZ | POPC R0, R0 | ISETP.LT.U32.AND P2, PT, R0, R2, PT | SHF.R.U32.HI R6, RZ, 0x10, R3 | IADD3 R0, PT, PT, R2, -R0, RZ | IADD3 R7, PT, PT, RZ, 0x10, RZ | SEL R6, R6, R3, P2 | SEL R0, R0, R2, P2 | SEL R7, R7, RZ, P2 | PRMT R2, R6, 0x7770, RZ | POPC R2, R2 | ISETP.LT.U32.AND P2, PT, R2, R0, PT | SHF.R.U32.HI R3, RZ, 0x8, R6 | IADD3 R2, PT, PT, R0, -R2, RZ | IADD3 R8, PT, PT, R7, 0x8, RZ | SEL R3, R3, R6, P2 | SEL R2, R2, R0, P2 | SEL R8, R8, R7, P2 | SHF.R.U32.HI R0, RZ, RZ, R3 | SGXT.U32 R0, R0, 0x4 | POPC R0, R0 | ISETP.LT.U32.AND P2, PT, R0, R2, PT | SHF.R.U32.HI R6, RZ, 0x4, R3 | IADD3 R0, PT, PT, R2, -R0, RZ | IADD3 R7, PT, PT, R8, 0x4, RZ | SEL R6, R6, R3, P2 | SEL R0, R0, R2, P2 | SEL R7, R7, R8, P2 | SHF.R.U32.HI R2, RZ, RZ, R6 | SGXT.U32 R2, R2, 0x1 | SHF.R.U32.HI R3, RZ, 0x1, R6 | SGXT.U32 R3, R3, 0x1 | IADD3 R2, PT, PT, R2, R3, RZ | ISETP.LT.U32.AND P2, PT, R2, R0, PT | SHF.R.U32.HI R3, RZ, 0x2, R6 | IADD3 R2, PT, PT, R0, -R2, RZ | IADD3 R8, PT, PT, R7, 0x2, RZ | SEL R3, R3, R6, P2 | SEL R2, R2, R0, P2 | SEL R8, R8, R7, P2 | SHF.R.U32.HI R0, RZ, RZ, R3 | SGXT.U32 R0, R0, 0x1 | ISETP.LT.U32.AND P2, PT, R0, R2, PT | IADD3 R0, PT, PT, R8, 0x1, RZ | SEL R0, R0, R8, P2 | IADD3 R2, PT, PT, -R0, 0x1f, RZ | SEL R0, R2, R0, P0 | SEL R0, R0, 0xffffffff, !P1",removed 7 identity MOV,16,0,3,0,,0,,,70,"ISETP.EQ.AND P1, PT, R2, RZ, PT | MOV R3, RZ | PLOP3.LUT P0, PT, PT, PT, PT, 0x8, 0x80 | @P1 BRA `(.L_x_0) | ISETP.GT.AND P1, PT, R2, RZ, PT | @P1 BRA `(.L_x_1) | BREV R0, R0 | SHF.R.U32.HI R0, RZ, RZ, R0 | SGXT.U32 R0, R0, 0x20 | IADD3 R3, PT, PT, -R3, 0x1f, RZ | IADD3 R2, PT, PT, RZ, -R2, RZ | PLOP3.LUT P0, PT, PT, PT, PT, 0x80, 0x8 | BRA `(.L_x_1) | MOV R2, 0x1 | SHF.L.U32 R2, R2, R3, RZ | LOP3.LUT R0, R0, R2, RZ, 0xc0, !PT | MOV R2, 0x1 | MOV R6, 0xffffffff | SHF.L.U32 R3, R6, R3, RZ | LOP3.LUT R3, R0, R3, RZ, 0xc0, !PT | POPC R0, R3 | ISETP.LT.AND P1, PT, R0, R2, PT | PRMT R0, R3, 0x7710, RZ | POPC R0, R0 | ISETP.LT.U32.AND P2, PT, R0, R2, PT | SHF.R.U32.HI R6, RZ, 0x10, R3 | IADD3 R0, PT, PT, R2, -R0, RZ | IADD3 R7, PT, PT, RZ, 0x10, RZ | SEL R6, R6, R3, P2 | SEL R0, R0, R2, P2 | SEL R7, R7, RZ, P2 | PRMT R2, R6, 0x7770, RZ | POPC R2, R2 | ISETP.LT.U32.AND P2, PT, R2, R0, PT | SHF.R.U32.HI R3, RZ, 0x8, R6 | IADD3 R2, PT, PT, R0, -R2, RZ | IADD3 R8, PT, PT, R7, 0x8, RZ | SEL R3, R3, R6, P2 | SEL R2, R2, R0, P2 | SEL R8, R8, R7, P2 | SHF.R.U32.HI R0, RZ, RZ, R3 | SGXT.U32 R0, R0, 0x4 | POPC R0, R0 | ISETP.LT.U32.AND P2, PT, R0, R2, PT | SHF.R.U32.HI R6, RZ, 0x4, R3 | IADD3 R0, PT, PT, R2, -R0, RZ | IADD3 R7, PT, PT, R8, 0x4, RZ | SEL R6, R6, R3, P2 | SEL R0, R0, R2, P2 | SEL R7, R7, R8, P2 | SHF.R.U32.HI R2, RZ, RZ, R6 | SGXT.U32 R2, R2, 0x1 | SHF.R.U32.HI R3, RZ, 0x1, R6 | SGXT.U32 R3, R3, 0x1 | IADD3 R2, PT, PT, R2, R3, RZ | ISETP.LT.U32.AND P2, PT, R2, R0, PT | SHF.R.U32.HI R3, RZ, 0x2, R6 | IADD3 R2, PT, PT, R0, -R2, RZ | IADD3 R8, PT, PT, R7, 0x2, RZ | SEL R3, R3, R6, P2 | SEL R2, R2, R0, P2 | SEL R8, R8, R7, P2 | SHF.R.U32.HI R0, RZ, RZ, R3 | SGXT.U32 R0, R0, 0x1 | ISETP.LT.U32.AND P2, PT, R0, R2, PT | IADD3 R0, PT, PT, R8, 0x1, RZ | SEL R0, R0, R8, P2 | IADD3 R2, PT, PT, -R0, 0x1f, RZ | SEL R0, R2, R0, P0 | SEL R0, R0, 0xffffffff, !P1",VERIFIED,1:N,"verified register/immediate lowering; retained width splits, software expansion, and intermediate-value routing",1:N,1:N,1:N,
14_bit_ops,BT11,bmsk_b32,"bmsk.clamp.b32 %r2, %r0, %r1;",3,2,32,1,6,2,"BMSK R0, R0, R2",1,"BMSK R0, R0, R2",,16,2,3,0,"HFMA2 R5, -RZ, RZ, 0, 2.384185791015625e-07 | BMSK R5, R5, 0x8",2,"HFMA2 R5, -RZ, RZ, 0, 2.384185791015625e-07 | BMSK R5, R5, 0x8",,1,"BMSK R0, R0, R2",VERIFIED,1:1,"verified register/immediate lowering; retained width splits, software expansion, and intermediate-value routing",1:1,1:1,1:1,O3 source locations interleaved by scheduling; O3 core sequence is advisory only; 
15_cluster_dsmem,CL01,mapa_shared_cluster,"mapa.shared::cluster.u32 %addr, smem_data, %rank;",3,1,32,5,6,2,"MOV R2, 0x400 | IADD3 R2, PT, PT, RZ, R2, RZ | S2R R3, SR_CgaCtaId | LEA R2, R3, R2, 0x18 | PRMT R0, R0, 0x654, R2",4,"MOV R2, 0x400 | S2R R3, SR_CgaCtaId | LEA R2, R3, R2, 0x18 | PRMT R0, R0, 0x654, R2",removed 1 identity IADD3,24,4,4,0,"S2R R5, SR_CgaCtaId | MOV R0, 0x400 | LEA R0, R5, R0, 0x18 | PRMT R5, RZ, 0x654, R0",4,"S2R R5, SR_CgaCtaId | MOV R0, 0x400 | LEA R0, R5, R0, 0x18 | PRMT R5, RZ, 0x654, R0",,1,"PRMT R0, R0, 0x654, R2",VERIFIED,1:1,verified cluster execution opcode; excluded address-space encoding preparation,1:N,1:N,1:1,O3 source locations interleaved by scheduling; O3 core sequence is advisory only; 
15_cluster_dsmem,CL02,getctarank,"getctarank.shared::cluster.u32 %rank, %addr;",2,1,32,1,6,3,"SHF.L.U64.HI R0, R0, 0x8, RZ",1,"SHF.L.U64.HI R0, R0, 0x8, RZ",,24,1,4,1,"SHF.L.U64.HI R5, R0, 0x8, RZ",1,"SHF.L.U64.HI R5, R0, 0x8, RZ",,1,"SHF.L.U64.HI R0, R0, 0x8, RZ",VERIFIED,1:1,verified cluster execution opcode; excluded address-space encoding preparation,1:1,1:1,1:1,O3 source locations interleaved by scheduling; O3 core sequence is advisory only; 
15_cluster_dsmem,CL03,cvta_shared_cta,"cvta.shared::cta.u64 %gen_addr, smem_data;",1,0,40,14,8,5,"MOV R0, 0x400 | IADD3 R0, PT, PT, RZ, R0, RZ | S2R R2, SR_CgaCtaId | LEA R0, R2, R0, 0x18 | MOV R0, R0 | MOV R2, R0 | MOV R3, RZ | MOV R2, R2 | MOV R3, R3 | S2R R0, SR_SWINHI | MOV R4, R2 | MOV R2, R3 | MOV R2, R4 | MOV R3, R0",10,"MOV R0, 0x400 | S2R R2, SR_CgaCtaId | LEA R0, R2, R0, 0x18 | MOV R2, R0 | MOV R3, RZ | S2R R0, SR_SWINHI | MOV R4, R2 | MOV R2, R3 | MOV R2, R4 | MOV R3, R0","removed 1 identity IADD3, removed 3 identity MOV",24,6,6,3,"S2R R3, SR_CgaCtaId | MOV R0, 0x400 | S2R R7, SR_SWINHI | LEA R0, R3, R0, 0x18 | MOV R2, R0 | MOV R3, R7",6,"S2R R3, SR_CgaCtaId | MOV R0, 0x400 | S2R R7, SR_SWINHI | LEA R0, R3, R0, 0x18 | MOV R2, R0 | MOV R3, R7",,7,"MOV R2, R0 | MOV R3, RZ | S2R R0, SR_SWINHI | MOV R4, R2 | MOV R2, R3 | MOV R2, R4 | MOV R3, R0",VERIFIED,1:N,verified shared-to-generic address conversion and O0 result routing; excluded static shared-symbol construction,1:N,1:N,1:N,O3 source locations interleaved by scheduling; O3 core sequence is advisory only; 
15_cluster_dsmem,CL04,isspacep_shared,"isspacep.shared %is_shared, %addr;",2,1,48,1,6,3,"QSPC.E.S P0, RZ, [R2]",1,"QSPC.E.S P0, RZ, [R2]",,24,2,3,0,"QSPC.E.S P0, RZ, [RZ.U32+UR4] | LDCU.64 UR4, c[0x0][0x358]",2,"QSPC.E.S P0, RZ, [RZ.U32+UR4] | LDCU.64 UR4, c[0x0][0x358]",,1,"QSPC.E.S P0, RZ, [R2]",VERIFIED,1:1,verified cluster execution opcode; excluded address-space encoding preparation,1:1,1:1,1:1,
15_cluster_dsmem,CL05,ld_shared_cluster,"ld.shared::cluster.b32 %r0, [%remote_addr];",3,1,40,5,7,3,"MOV R0, R0 | S2R R4, SR_SWINHI | MOV R2, R0 | MOV R3, R4 | LD.E R0, [R2]",4,"S2R R4, SR_SWINHI | MOV R2, R0 | MOV R3, R4 | LD.E R0, [R2]",removed 1 identity MOV,24,6,3,0,"S2UR UR6, SR_SWINHI | ULEA UR4, UR5, UR4, 0x18 | UPRMT UR4, URZ, 0x654, UR4 | UMOV UR4, UR4 | UMOV UR5, UR6 | LD.E R5, [RZ.U32+UR4]",5,"S2UR UR6, SR_SWINHI | ULEA UR4, UR5, UR4, 0x18 | UPRMT UR4, URZ, 0x654, UR4 | UMOV UR5, UR6 | LD.E R5, [RZ.U32+UR4]",removed 1 identity MOV,1,"LD.E R0, [R2]",VERIFIED,1:1,verified cluster execution opcode; excluded address-space encoding preparation,1:N,1:N,1:1,
15_cluster_dsmem,CL06,st_shared_cluster,"st.shared::cluster.b32 [%remote_addr], %r0;",3,2,24,5,6,2,"MOV R0, R0 | S2R R4, SR_SWINHI | MOV R2, R0 | MOV R3, R4 | ST.E [R2], R5",4,"S2R R4, SR_SWINHI | MOV R2, R0 | MOV R3, R4 | ST.E [R2], R5",removed 1 identity MOV,24,7,2,0,"HFMA2 R0, -RZ, RZ, 0, 2.50339508056640625e-06 | S2UR UR6, SR_SWINHI | ULEA UR4, UR5, UR4, 0x18 | UPRMT UR4, URZ, 0x654, UR4 | UMOV UR4, UR4 | UMOV UR5, UR6 | ST.E [RZ.U32+UR4], R0",6,"HFMA2 R0, -RZ, RZ, 0, 2.50339508056640625e-06 | S2UR UR6, SR_SWINHI | ULEA UR4, UR5, UR4, 0x18 | UPRMT UR4, URZ, 0x654, UR4 | UMOV UR5, UR6 | ST.E [RZ.U32+UR4], R0",removed 1 identity MOV,1,"ST.E [R2], R5",VERIFIED,1:1,verified cluster execution opcode; excluded address-space encoding preparation,1:N,1:N,1:1,
16_megakernel_ctrl,MK01,bar_warp_sync,bar.warp.sync 0xFFFFFFFF;,0,0,16,4,2,1,"MOV R0, 0xffffffff | WARPSYNC.COLLECTIVE R0, `(.L_x_0) | NOP | ENDCOLLECTIVE",3,"MOV R0, 0xffffffff | WARPSYNC.COLLECTIVE R0, `(.L_x_0) | ENDCOLLECTIVE",removed 1 NOP,16,1,1,0,NOP,0,,removed 1 NOP,2,"WARPSYNC.COLLECTIVE R0, `(.L_x_0) | ENDCOLLECTIVE",VERIFIED,1:N,verified bar.warp collective begin/end protocol; excluded mask setup,1:N,1:N,1:N,
16_megakernel_ctrl,MK02,nanosleep,nanosleep.u32 100;,0,0,16,2,1,0,NANOSLEEP 0x64 | NOP,1,NANOSLEEP 0x64,removed 1 NOP,16,1,1,0,NANOSLEEP 0x64,1,NANOSLEEP 0x64,,1,NANOSLEEP 0x64,VERIFIED,1:1,verified direct megakernel-control lowering,1:N,1:1,1:1,
16_megakernel_ctrl,MK03,griddep_launch,griddepcontrol.launch_dependents;,0,0,16,1,1,0,PREEXIT,1,PREEXIT,,16,1,1,0,PREEXIT,1,PREEXIT,,1,PREEXIT,VERIFIED,1:1,verified direct megakernel-control lowering,1:1,1:1,1:1,
16_megakernel_ctrl,MK04,griddep_wait,griddepcontrol.wait;,0,0,16,1,1,0,ACQBULK,1,ACQBULK,,16,1,1,0,ACQBULK,1,ACQBULK,,1,ACQBULK,VERIFIED,1:1,verified direct megakernel-control lowering,1:1,1:1,1:1,
16_megakernel_ctrl,MK05,prefetch_global_L2,prefetch.global.L2 [%addr];,1,1,24,5,4,1,"MOV R2, R2 | MOV R3, R3 | MOV R2, R2 | MOV R3, R3 | CCTL.E.PF2 [R2]",1,CCTL.E.PF2 [R2],removed 4 identity MOV,16,2,2,0,"LDC.64 R2, c[0x0][0x380] | CCTL.E.PF2 [R2]",2,"LDC.64 R2, c[0x0][0x380] | CCTL.E.PF2 [R2]",,1,CCTL.E.PF2 [R2],VERIFIED,1:1,verified direct megakernel-control lowering,1:N,1:1,1:1,
17_quantization,Q01,dp4a_u32,"dp4a.u32.u32 %r2, %r0, %r1, %r2;",3,3,32,1,6,2,"IDP.4A.U8.U8 R0, R0, R2, R3",1,"IDP.4A.U8.U8 R0, R0, R2, R3",,24,3,3,0,"HFMA2 R5, -RZ, RZ, 1.5318393707275390625e-05, 1.5318393707275390625e-05 | UMOV UR6, 0x1020304 | IDP.4A.U8.U8 R5, R5, UR6, RZ",3,"HFMA2 R5, -RZ, RZ, 1.5318393707275390625e-05, 1.5318393707275390625e-05 | UMOV UR6, 0x1020304 | IDP.4A.U8.U8 R5, R5, UR6, RZ",,1,"IDP.4A.U8.U8 R0, R0, R2, R3",VERIFIED,1:1,"verified register/immediate lowering; retained width splits, software expansion, and intermediate-value routing",1:1,1:1,1:1,O3 source locations interleaved by scheduling; O3 core sequence is advisory only; 
17_quantization,Q02,dp4a_s32,"dp4a.s32.s32 %r2, %r0, %r1, %r2;",3,3,32,1,6,2,"IDP.4A.S8.S8 R0, R0, R2, R3",1,"IDP.4A.S8.S8 R0, R0, R2, R3",,24,3,3,0,"HFMA2 R5, -RZ, RZ, 1.5318393707275390625e-05, 1.5318393707275390625e-05 | UMOV UR6, 0x1020304 | IDP.4A.S8.S8 R5, R5, UR6, RZ",3,"HFMA2 R5, -RZ, RZ, 1.5318393707275390625e-05, 1.5318393707275390625e-05 | UMOV UR6, 0x1020304 | IDP.4A.S8.S8 R5, R5, UR6, RZ",,1,"IDP.4A.S8.S8 R0, R0, R2, R3",VERIFIED,1:1,"verified register/immediate lowering; retained width splits, software expansion, and intermediate-value routing",1:1,1:1,1:1,O3 source locations interleaved by scheduling; O3 core sequence is advisory only; 
17_quantization,Q03,dp2a_lo,"dp2a.lo.u32.u32 %r2, %r0, %r1, %r2;",3,3,32,1,6,2,"IDP.2A.LO.U16.U8 R0, R0, R2, R3",1,"IDP.2A.LO.U16.U8 R0, R0, R2, R3",,24,3,3,0,"HFMA2 R5, -RZ, RZ, 5.9604644775390625e-08, 1.1920928955078125e-07 | UMOV UR6, 0x30004 | IDP.2A.LO.U16.U8 R5, R5, UR6, RZ",3,"HFMA2 R5, -RZ, RZ, 5.9604644775390625e-08, 1.1920928955078125e-07 | UMOV UR6, 0x30004 | IDP.2A.LO.U16.U8 R5, R5, UR6, RZ",,1,"IDP.2A.LO.U16.U8 R0, R0, R2, R3",VERIFIED,1:1,"verified register/immediate lowering; retained width splits, software expansion, and intermediate-value routing",1:1,1:1,1:1,O3 source locations interleaved by scheduling; O3 core sequence is advisory only; 
17_quantization,Q04,dp2a_hi,"dp2a.hi.u32.u32 %r2, %r0, %r1, %r2;",3,3,32,1,6,2,"IDP.2A.HI.U16.U8 R0, R0, R2, R3",1,"IDP.2A.HI.U16.U8 R0, R0, R2, R3",,24,3,3,0,"HFMA2 R5, -RZ, RZ, 5.9604644775390625e-08, 1.1920928955078125e-07 | UMOV UR6, 0x30004 | IDP.2A.HI.U16.U8 R5, R5, UR6, RZ",3,"HFMA2 R5, -RZ, RZ, 5.9604644775390625e-08, 1.1920928955078125e-07 | UMOV UR6, 0x30004 | IDP.2A.HI.U16.U8 R5, R5, UR6, RZ",,1,"IDP.2A.HI.U16.U8 R0, R0, R2, R3",VERIFIED,1:1,"verified register/immediate lowering; retained width splits, software expansion, and intermediate-value routing",1:1,1:1,1:1,O3 source locations interleaved by scheduling; O3 core sequence is advisory only; 
17_quantization,Q05,cvt_pack_s8,"cvt.pack.sat.s8.s32.b32 %r2, %r0, %r1, 0;",3,2,32,1,6,2,"I2IP.S8.S32.SAT R0, R0, R2, RZ",1,"I2IP.S8.S32.SAT R0, R0, R2, RZ",,16,2,3,0,"HFMA2 R5, -RZ, RZ, 0, 2.50339508056640625e-06 | I2IP.S8.S32.SAT R5, R5, -0xa, RZ",2,"HFMA2 R5, -RZ, RZ, 0, 2.50339508056640625e-06 | I2IP.S8.S32.SAT R5, R5, -0xa, RZ",,1,"I2IP.S8.S32.SAT R0, R0, R2, RZ",VERIFIED,1:1,"verified register/immediate lowering; retained width splits, software expansion, and intermediate-value routing",1:1,1:1,1:1,O3 source locations interleaved by scheduling; O3 core sequence is advisory only; 
17_quantization,Q06,cvt_pack_u8,"cvt.pack.sat.u8.s32.b32 %r2, %r0, %r1, 0;",3,2,32,1,6,2,"I2IP.U8.S32.SAT R0, R0, R2, RZ",1,"I2IP.U8.S32.SAT R0, R0, R2, RZ",,16,2,3,0,"HFMA2 R5, -RZ, RZ, 0, 1.1920928955078125e-05 | I2IP.U8.S32.SAT R5, R5, 0x64, RZ",2,"HFMA2 R5, -RZ, RZ, 0, 1.1920928955078125e-05 | I2IP.U8.S32.SAT R5, R5, 0x64, RZ",,1,"I2IP.U8.S32.SAT R0, R0, R2, RZ",VERIFIED,1:1,"verified register/immediate lowering; retained width splits, software expansion, and intermediate-value routing",1:1,1:1,1:1,O3 source locations interleaved by scheduling; O3 core sequence is advisory only; 
17_quantization,Q07,cvt_e4m3x2_f32,"cvt.rn.satfinite.e4m3x2.f32 %rs0, %f0, %f1;",3,2,32,1,6,2,"F2FP.SATFINITE.E4M3.F32.PACK_AB_MERGE_C R0, R0, R2, RZ",1,"F2FP.SATFINITE.E4M3.F32.PACK_AB_MERGE_C R0, R0, R2, RZ",,24,4,4,0,"IMAD.MOV.U32 R5, RZ, RZ, 0x3f800000 | UMOV UR6, 0x40000000 | MOV R0, UR6 | F2FP.SATFINITE.E4M3.F32.PACK_AB_MERGE_C R5, R5, R0, RZ",4,"IMAD.MOV.U32 R5, RZ, RZ, 0x3f800000 | UMOV UR6, 0x40000000 | MOV R0, UR6 | F2FP.SATFINITE.E4M3.F32.PACK_AB_MERGE_C R5, R5, R0, RZ",,1,"F2FP.SATFINITE.E4M3.F32.PACK_AB_MERGE_C R0, R0, R2, RZ",VERIFIED,1:1,"verified register/immediate lowering; retained width splits, software expansion, and intermediate-value routing",1:1,1:1,1:1,O3 source locations interleaved by scheduling; O3 core sequence is advisory only; 
17_quantization,Q08,cvt_e5m2x2_f32,"cvt.rn.satfinite.e5m2x2.f32 %rs0, %f0, %f1;",3,2,32,1,6,2,"F2FP.SATFINITE.E5M2.F32.PACK_AB_MERGE_C R0, R0, R2, RZ",1,"F2FP.SATFINITE.E5M2.F32.PACK_AB_MERGE_C R0, R0, R2, RZ",,24,4,4,0,"IMAD.MOV.U32 R5, RZ, RZ, 0x3f800000 | UMOV UR6, 0x40000000 | MOV R0, UR6 | F2FP.SATFINITE.E5M2.F32.PACK_AB_MERGE_C R5, R5, R0, RZ",4,"IMAD.MOV.U32 R5, RZ, RZ, 0x3f800000 | UMOV UR6, 0x40000000 | MOV R0, UR6 | F2FP.SATFINITE.E5M2.F32.PACK_AB_MERGE_C R5, R5, R0, RZ",,1,"F2FP.SATFINITE.E5M2.F32.PACK_AB_MERGE_C R0, R0, R2, RZ",VERIFIED,1:1,"verified register/immediate lowering; retained width splits, software expansion, and intermediate-value routing",1:1,1:1,1:1,O3 source locations interleaved by scheduling; O3 core sequence is advisory only; 
18_activation,ACT01,tanh_f16,"tanh.approx.f16 %h1, %h0;",2,1,32,1,6,3,"MUFU.TANH.F16 R0, R0",1,"MUFU.TANH.F16 R0, R0",,16,1,3,0,"MUFU.TANH.F16 R5, 1",1,"MUFU.TANH.F16 R5, 1",,1,"MUFU.TANH.F16 R0, R0",VERIFIED,1:1,"verified register/immediate lowering; retained width splits, software expansion, and intermediate-value routing",1:1,1:1,1:1,O3 source locations interleaved by scheduling; O3 core sequence is advisory only; 
18_activation,ACT02,tanh_f16x2,"tanh.approx.f16x2 %v1, %v0;",2,1,32,7,6,3,"MOV R0, R0 | MOV R0, R0 | MOV R0, R0 | MOV R0, R0 | MUFU.TANH.F16 R2, R0 | MUFU.TANH.F16 R0, R0.H1 | PRMT R0, R2, 0x5410, R0",3,"MUFU.TANH.F16 R2, R0 | MUFU.TANH.F16 R0, R0.H1 | PRMT R0, R2, 0x5410, R0",removed 4 identity MOV,16,3,4,1,"MUFU.TANH.F16 R0, 1 | LDCU.64 UR4, c[0x0][0x358] | PRMT R5, R0, 0x5410, R0",3,"MUFU.TANH.F16 R0, 1 | LDCU.64 UR4, c[0x0][0x358] | PRMT R5, R0, 0x5410, R0",,3,"MUFU.TANH.F16 R2, R0 | MUFU.TANH.F16 R0, R0.H1 | PRMT R0, R2, 0x5410, R0",VERIFIED,1:N,"verified register/immediate lowering; retained width splits, software expansion, and intermediate-value routing",1:N,1:N,1:N,O3 source locations interleaved by scheduling; O3 core sequence is advisory only; 
18_activation,ACT03,tanh_bf16,"tanh.approx.bf16 %b1, %b0;",2,1,32,1,6,3,"MUFU.TANH.BF16 R0, R0",1,"MUFU.TANH.BF16 R0, R0",,16,1,3,0,"MUFU.TANH.BF16 R5, 1",1,"MUFU.TANH.BF16 R5, 1",,1,"MUFU.TANH.BF16 R0, R0",VERIFIED,1:1,"verified register/immediate lowering; retained width splits, software expansion, and intermediate-value routing",1:1,1:1,1:1,O3 source locations interleaved by scheduling; O3 core sequence is advisory only; 
18_activation,ACT04,tanh_bf16x2,"tanh.approx.bf16x2 %v1, %v0;",2,1,32,7,6,3,"MOV R0, R0 | MOV R0, R0 | MOV R0, R0 | MOV R0, R0 | MUFU.TANH.BF16 R2, R0 | MUFU.TANH.BF16 R0, R0.H1 | PRMT R0, R2, 0x5410, R0",3,"MUFU.TANH.BF16 R2, R0 | MUFU.TANH.BF16 R0, R0.H1 | PRMT R0, R2, 0x5410, R0",removed 4 identity MOV,16,3,4,1,"MUFU.TANH.BF16 R0, 1 | LDCU.64 UR4, c[0x0][0x358] | PRMT R5, R0, 0x5410, R0",3,"MUFU.TANH.BF16 R0, 1 | LDCU.64 UR4, c[0x0][0x358] | PRMT R5, R0, 0x5410, R0",,3,"MUFU.TANH.BF16 R2, R0 | MUFU.TANH.BF16 R0, R0.H1 | PRMT R0, R2, 0x5410, R0",VERIFIED,1:N,"verified register/immediate lowering; retained width splits, software expansion, and intermediate-value routing",1:N,1:N,1:N,O3 source locations interleaved by scheduling; O3 core sequence is advisory only; 
18_activation,ACT05,ex2_f16,"ex2.approx.f16 %h1, %h0;",2,1,32,1,6,3,"MUFU.EX2.F16 R0, R0",1,"MUFU.EX2.F16 R0, R0",,16,1,3,0,"MUFU.EX2.F16 R5, 1",1,"MUFU.EX2.F16 R5, 1",,1,"MUFU.EX2.F16 R0, R0",VERIFIED,1:1,"verified register/immediate lowering; retained width splits, software expansion, and intermediate-value routing",1:1,1:1,1:1,O3 source locations interleaved by scheduling; O3 core sequence is advisory only; 
18_activation,ACT06,ex2_f16x2,"ex2.approx.f16x2 %v1, %v0;",2,1,32,7,6,3,"MOV R0, R0 | MOV R0, R0 | MOV R0, R0 | MOV R0, R0 | MUFU.EX2.F16 R2, R0 | MUFU.EX2.F16 R0, R0.H1 | PRMT R0, R2, 0x5410, R0",3,"MUFU.EX2.F16 R2, R0 | MUFU.EX2.F16 R0, R0.H1 | PRMT R0, R2, 0x5410, R0",removed 4 identity MOV,16,3,4,1,"MUFU.EX2.F16 R0, 1 | LDCU.64 UR4, c[0x0][0x358] | PRMT R5, R0, 0x5410, R0",3,"MUFU.EX2.F16 R0, 1 | LDCU.64 UR4, c[0x0][0x358] | PRMT R5, R0, 0x5410, R0",,3,"MUFU.EX2.F16 R2, R0 | MUFU.EX2.F16 R0, R0.H1 | PRMT R0, R2, 0x5410, R0",VERIFIED,1:N,"verified register/immediate lowering; retained width splits, software expansion, and intermediate-value routing",1:N,1:N,1:N,O3 source locations interleaved by scheduling; O3 core sequence is advisory only; 
18_activation,ACT07,ex2_bf16,"ex2.approx.ftz.bf16 %b1, %b0;",2,1,32,1,6,3,"MUFU.EX2.BF16 R0, R0",1,"MUFU.EX2.BF16 R0, R0",,16,1,3,0,"MUFU.EX2.BF16 R5, 1",1,"MUFU.EX2.BF16 R5, 1",,1,"MUFU.EX2.BF16 R0, R0",VERIFIED,1:1,"verified register/immediate lowering; retained width splits, software expansion, and intermediate-value routing",1:1,1:1,1:1,O3 source locations interleaved by scheduling; O3 core sequence is advisory only; 
18_activation,ACT08,tanh_f32,"tanh.approx.f32 %f1, %f0;",2,1,32,1,6,3,"MUFU.TANH R0, R0",1,"MUFU.TANH R0, R0",,16,1,3,0,"MUFU.TANH R5, 1",1,"MUFU.TANH R5, 1",,1,"MUFU.TANH R0, R0",VERIFIED,1:1,"verified register/immediate lowering; retained width splits, software expansion, and intermediate-value routing",1:1,1:1,1:1,O3 source locations interleaved by scheduling; O3 core sequence is advisory only; 
